agent,env,episode,reward_mean,reward_std,success_rate,n_seeds
ql_baseline,GridWorld,0,-4.380999999999989,0.40702456928298536,0.0,20
ql_baseline,GridWorld,1,-0.06850000000000026,0.4000284364892077,1.0,20
ql_baseline,GridWorld,2,0.23699999999999974,0.64022730338529,0.95,20
ql_baseline,GridWorld,3,-0.03800000000000031,0.8496975932648041,0.8,20
ql_baseline,GridWorld,4,0.35299999999999987,0.349286415424362,1.0,20
ql_baseline,GridWorld,5,0.6535,0.18382804465042873,1.0,20
ql_baseline,GridWorld,6,0.4974999999999998,0.33218782337707703,1.0,20
ql_baseline,GridWorld,7,0.5164999999999998,0.2832185551830954,1.0,20
ql_baseline,GridWorld,8,0.6075,0.23194557551287764,1.0,20
ql_baseline,GridWorld,9,0.6899999999999998,0.1934166487146337,1.0,20
ql_baseline,GridWorld,10,0.6679999999999999,0.2549823523305094,1.0,20
ql_baseline,GridWorld,11,0.6369999999999999,0.17387064157010526,1.0,20
ql_baseline,GridWorld,12,0.7509999999999999,0.21044951888754704,1.0,20
ql_baseline,GridWorld,13,0.6990000000000001,0.1901289036417136,1.0,20
ql_baseline,GridWorld,14,0.7369999999999999,0.1379528905097679,1.0,20
ql_baseline,GridWorld,15,0.8015000000000001,0.1215020575957461,1.0,20
ql_baseline,GridWorld,16,0.7595000000000001,0.29679075120360476,1.0,20
ql_baseline,GridWorld,17,0.8004999999999999,0.15477322119798378,1.0,20
ql_baseline,GridWorld,18,0.7604999999999998,0.1868013650913719,1.0,20
ql_baseline,GridWorld,19,0.807,0.1293097057455472,1.0,20
ql_baseline,GridWorld,20,0.861,0.1177242540855537,1.0,20
ql_baseline,GridWorld,21,0.8440000000000001,0.1337310734272331,1.0,20
ql_baseline,GridWorld,22,0.8535,0.05516112761719074,1.0,20
ql_baseline,GridWorld,23,0.867,0.05916924876994808,1.0,20
ql_baseline,GridWorld,24,0.875,0.05084289527554466,1.0,20
ql_baseline,GridWorld,25,0.8085000000000001,0.20618620225417608,1.0,20
ql_baseline,GridWorld,26,0.8835,0.04508602887813476,1.0,20
ql_baseline,GridWorld,27,0.8895000000000002,0.03247691487810997,1.0,20
ql_baseline,GridWorld,28,0.9040000000000001,0.02083266665599965,1.0,20
ql_baseline,GridWorld,29,0.9109999999999999,0.025278449319529064,1.0,20
ql_baseline,GridWorld,30,0.898,0.02638181191654584,1.0,20
ql_baseline,GridWorld,31,0.8480000000000001,0.16755894485225195,1.0,20
ql_baseline,GridWorld,32,0.9145,0.01532155344604453,1.0,20
ql_baseline,GridWorld,33,0.9145000000000001,0.01829617446353197,1.0,20
ql_baseline,GridWorld,34,0.9079999999999998,0.024617067250182336,1.0,20
ql_baseline,GridWorld,35,0.9180000000000001,0.015999999999999973,1.0,20
ql_baseline,GridWorld,36,0.9149999999999998,0.015329709716755856,1.0,20
ql_baseline,GridWorld,37,0.8935000000000001,0.1045597915070607,1.0,20
ql_baseline,GridWorld,38,0.9095000000000001,0.018020821290940084,1.0,20
ql_baseline,GridWorld,39,0.8704999999999998,0.14444635682494733,1.0,20
ql_baseline,GridWorld,40,0.9225000000000001,0.014097872179871657,1.0,20
ql_baseline,GridWorld,41,0.8879999999999999,0.1360735095453924,1.0,20
ql_baseline,GridWorld,42,0.9244999999999999,0.008046738469715499,1.0,20
ql_baseline,GridWorld,43,0.893,0.10450358845513393,1.0,20
ql_baseline,GridWorld,44,0.8934999999999998,0.11014876304344048,1.0,20
ql_baseline,GridWorld,45,0.9235,0.009630680142129072,1.0,20
ql_baseline,GridWorld,46,0.9215,0.011521718621802873,1.0,20
ql_baseline,GridWorld,47,0.8729999999999999,0.15142985174660906,1.0,20
ql_baseline,GridWorld,48,0.9255000000000001,0.009733961166965864,1.0,20
ql_baseline,GridWorld,49,0.8684999999999998,0.15669317151682136,1.0,20
ql_baseline,GridWorld,50,0.922,0.012884098726725097,1.0,20
ql_baseline,GridWorld,51,0.9219999999999999,0.013638181696985824,1.0,20
ql_baseline,GridWorld,52,0.9225,0.011779218989389712,1.0,20
ql_baseline,GridWorld,53,0.9019999999999999,0.10623558725775464,1.0,20
ql_baseline,GridWorld,54,0.8724999999999999,0.153064528875896,1.0,20
ql_baseline,GridWorld,55,0.873,0.14809118812407443,1.0,20
ql_baseline,GridWorld,56,0.922,0.009797958971132672,1.0,20
ql_baseline,GridWorld,57,0.8979999999999999,0.10585839598255777,1.0,20
ql_baseline,GridWorld,58,0.9235,0.009630680142129072,1.0,20
ql_baseline,GridWorld,59,0.9184999999999999,0.013143439428094879,1.0,20
ql_baseline,GridWorld,60,0.9199999999999999,0.01483239697419129,1.0,20
ql_baseline,GridWorld,61,0.8214999999999998,0.20384491654196335,1.0,20
ql_baseline,GridWorld,62,0.924,0.011135528725660008,1.0,20
ql_baseline,GridWorld,63,0.9225,0.011346805717910179,1.0,20
ql_baseline,GridWorld,64,0.9235,0.009096702699330082,1.0,20
ql_baseline,GridWorld,65,0.899,0.10568348972285123,1.0,20
ql_baseline,GridWorld,66,0.8915000000000001,0.11816408083677543,1.0,20
ql_baseline,GridWorld,67,0.8959999999999999,0.11019981851164729,1.0,20
ql_baseline,GridWorld,68,0.9235,0.010618380290797617,1.0,20
ql_baseline,GridWorld,69,0.9004999999999999,0.1061355265686283,1.0,20
ql_baseline,GridWorld,70,0.9199999999999997,0.015491933384829636,1.0,20
ql_baseline,GridWorld,71,0.877,0.14588008774332434,1.0,20
ql_baseline,GridWorld,72,0.9254999999999999,0.0080467384697155,1.0,20
ql_baseline,GridWorld,73,0.9244999999999999,0.01395528573695284,1.0,20
ql_baseline,GridWorld,74,0.9239999999999998,0.010677078252031277,1.0,20
ql_baseline,GridWorld,75,0.9024999999999999,0.10653051206109919,1.0,20
ql_baseline,GridWorld,76,0.924,0.009695359714832619,1.0,20
ql_baseline,GridWorld,77,0.8985,0.11037549546887662,1.0,20
ql_baseline,GridWorld,78,0.922,0.015684387141358096,1.0,20
ql_baseline,GridWorld,79,0.8975,0.10587138423577923,1.0,20
ql_baseline,GridWorld,80,0.9235,0.012757350822173042,1.0,20
ql_baseline,GridWorld,81,0.9269999999999999,0.006403124237432813,1.0,20
ql_baseline,GridWorld,82,0.899,0.11475626344561762,1.0,20
ql_baseline,GridWorld,83,0.9024999999999999,0.10857601024167356,1.0,20
ql_baseline,GridWorld,84,0.9215,0.011947803145348485,1.0,20
ql_baseline,GridWorld,85,0.8789999999999999,0.14659126849850232,1.0,20
ql_baseline,GridWorld,86,0.9029999999999999,0.11090987332063815,1.0,20
ql_baseline,GridWorld,87,0.9260000000000002,0.0073484692283494945,1.0,20
ql_baseline,GridWorld,88,0.9219999999999999,0.011661903789690562,1.0,20
ql_baseline,GridWorld,89,0.9275,0.006224949798994334,1.0,20
ql_baseline,GridWorld,90,0.925,0.00806225774829851,1.0,20
ql_baseline,GridWorld,91,0.9269999999999999,0.007141428428542817,1.0,20
ql_baseline,GridWorld,92,0.9235000000000001,0.008529361054615946,1.0,20
ql_baseline,GridWorld,93,0.8985000000000001,0.10551184767598376,1.0,20
ql_baseline,GridWorld,94,0.923,0.01615549442140349,1.0,20
ql_baseline,GridWorld,95,0.9225,0.01577181029558748,1.0,20
ql_baseline,GridWorld,96,0.924,0.012806248474865667,1.0,20
ql_baseline,GridWorld,97,0.9254999999999999,0.0080467384697155,1.0,20
ql_baseline,GridWorld,98,0.9215,0.013143439428094882,1.0,20
ql_baseline,GridWorld,99,0.9,0.11045361017187261,1.0,20
ql_baseline,GridWorld,100,0.923,0.013076696830621988,1.0,20
ql_baseline,GridWorld,101,0.8965,0.10987606654772458,1.0,20
ql_baseline,GridWorld,102,0.9179999999999999,0.012489995996796765,1.0,20
ql_baseline,GridWorld,103,0.9264999999999999,0.009630680142129085,1.0,20
ql_baseline,GridWorld,104,0.921,0.01868154169226938,1.0,20
ql_baseline,GridWorld,105,0.9299999999999999,0.0,1.0,20
ql_baseline,GridWorld,106,0.9014999999999999,0.10622028996382943,1.0,20
ql_baseline,GridWorld,107,0.8739999999999999,0.14509996554100213,1.0,20
ql_baseline,GridWorld,108,0.9259999999999999,0.0073484692283494945,1.0,20
ql_baseline,GridWorld,109,0.8484999999999999,0.1830102456148289,1.0,20
ql_baseline,GridWorld,110,0.9239999999999998,0.01280624847486567,1.0,20
ql_baseline,GridWorld,111,0.899,0.1126454615153225,1.0,20
ql_baseline,GridWorld,112,0.9229999999999998,0.011874342087037883,1.0,20
ql_baseline,GridWorld,113,0.923,0.0141774468787578,1.0,20
ql_baseline,GridWorld,114,0.8474999999999999,0.23974726275809702,1.0,20
ql_baseline,GridWorld,115,0.9024999999999999,0.1062485294015875,1.0,20
ql_baseline,GridWorld,116,0.8975,0.10811452261375436,1.0,20
ql_baseline,GridWorld,117,0.9245000000000001,0.00864580823289525,1.0,20
ql_baseline,GridWorld,118,0.925,0.00921954445729285,1.0,20
ql_baseline,GridWorld,119,0.9249999999999998,0.008062257748298508,1.0,20
ql_baseline,GridWorld,120,0.9255000000000001,0.008645808232895257,1.0,20
ql_baseline,GridWorld,121,0.9274999999999999,0.008874119674649406,1.0,20
ql_baseline,GridWorld,122,0.9269999999999999,0.007810249675906626,1.0,20
ql_baseline,GridWorld,123,0.9029999999999999,0.11090987332063815,1.0,20
ql_baseline,GridWorld,124,0.925,0.010246950765959568,1.0,20
ql_baseline,GridWorld,125,0.9269999999999999,0.0055677643628299816,1.0,20
ql_baseline,GridWorld,126,0.8995,0.11482486664481699,1.0,20
ql_baseline,GridWorld,127,0.9299999999999999,0.0,1.0,20
ql_baseline,GridWorld,128,0.9015000000000001,0.10617320754314621,1.0,20
ql_baseline,GridWorld,129,0.9269999999999999,0.007141428428542817,1.0,20
ql_baseline,GridWorld,130,0.8710000000000001,0.15446358794227202,1.0,20
ql_baseline,GridWorld,131,0.9279999999999999,0.0059999999999999715,1.0,20
ql_baseline,GridWorld,132,0.9244999999999999,0.008046738469715499,1.0,20
ql_baseline,GridWorld,133,0.9189999999999999,0.01577973383805947,1.0,20
ql_baseline,GridWorld,134,0.9019999999999999,0.11075197515168748,1.0,20
ql_baseline,GridWorld,135,0.9259999999999999,0.007999999999999962,1.0,20
ql_baseline,GridWorld,136,0.9254999999999999,0.00920597631976095,1.0,20
ql_baseline,GridWorld,137,0.9259999999999999,0.0073484692283494945,1.0,20
ql_baseline,GridWorld,138,0.9279999999999999,0.0059999999999999715,1.0,20
ql_baseline,GridWorld,139,0.9259999999999999,0.010198039027185541,1.0,20
ql_baseline,GridWorld,140,0.8995,0.1103845550790508,1.0,20
ql_baseline,GridWorld,141,0.8780000000000001,0.14948578527739687,1.0,20
ql_baseline,GridWorld,142,0.901,0.11058480908334564,1.0,20
ql_baseline,GridWorld,143,0.9244999999999999,0.011608186766243868,1.0,20
ql_baseline,GridWorld,144,0.9029999999999999,0.10640018796975878,1.0,20
ql_baseline,GridWorld,145,0.9244999999999999,0.008645808232895251,1.0,20
ql_baseline,GridWorld,146,0.9295,0.0021794494717703146,1.0,20
ql_baseline,GridWorld,147,0.9285,0.0047696960070847,1.0,20
ql_baseline,GridWorld,148,0.8775000000000001,0.14959528735892716,1.0,20
ql_baseline,GridWorld,149,0.9219999999999999,0.018330302779823338,1.0,20
ql_baseline,GridWorld,150,0.9289999999999999,0.0043588989435406535,1.0,20
ql_baseline,GridWorld,151,0.9004999999999999,0.11521610130532974,1.0,20
ql_baseline,GridWorld,152,0.8995000000000001,0.11706728834307217,1.0,20
ql_baseline,GridWorld,153,0.8985,0.10612610423453789,1.0,20
ql_baseline,GridWorld,154,0.9264999999999999,0.007262919523166937,1.0,20
ql_baseline,GridWorld,155,0.9265000000000001,0.007262919523166938,1.0,20
ql_baseline,GridWorld,156,0.9299999999999999,0.0,1.0,20
ql_baseline,GridWorld,157,0.9269999999999999,0.0071414284285428176,1.0,20
ql_baseline,GridWorld,158,0.8985,0.11033018625924639,1.0,20
ql_baseline,GridWorld,159,0.9014999999999999,0.11069214064241419,1.0,20
ql_baseline,GridWorld,160,0.8960000000000001,0.11033585092797356,1.0,20
ql_baseline,GridWorld,161,0.9275,0.0076648548583779195,1.0,20
ql_baseline,GridWorld,162,0.9275,0.006224949798994334,1.0,20
ql_baseline,GridWorld,163,0.9259999999999999,0.010198039027185541,1.0,20
ql_baseline,GridWorld,164,0.9229999999999998,0.008999999999999956,1.0,20
ql_baseline,GridWorld,165,0.9229999999999998,0.01268857754044949,1.0,20
ql_baseline,GridWorld,166,0.9264999999999999,0.008529361054615959,1.0,20
ql_baseline,GridWorld,167,0.9019999999999999,0.10623558725775464,1.0,20
ql_baseline,GridWorld,168,0.923,0.01615549442140349,1.0,20
ql_baseline,GridWorld,169,0.9239999999999998,0.009165151389911638,1.0,20
ql_baseline,GridWorld,170,0.9,0.11040833301884419,1.0,20
ql_baseline,GridWorld,171,0.9269999999999999,0.009539392014169435,1.0,20
ql_baseline,GridWorld,172,0.9244999999999999,0.010712142642814242,1.0,20
ql_baseline,GridWorld,173,0.9254999999999999,0.0080467384697155,1.0,20
ql_baseline,GridWorld,174,0.9259999999999999,0.010198039027185541,1.0,20
ql_baseline,GridWorld,175,0.9254999999999999,0.009733961166965862,1.0,20
ql_baseline,GridWorld,176,0.9275,0.006224949798994334,1.0,20
ql_baseline,GridWorld,177,0.8985000000000001,0.11064696109699534,1.0,20
ql_baseline,GridWorld,178,0.9259999999999999,0.00969535971483263,1.0,20
ql_baseline,GridWorld,179,0.9269999999999999,0.007141428428542817,1.0,20
ql_baseline,GridWorld,180,0.9259999999999999,0.00969535971483263,1.0,20
ql_baseline,GridWorld,181,0.9279999999999999,0.005099019513592752,1.0,20
ql_baseline,GridWorld,182,0.9244999999999999,0.009205976319760946,1.0,20
ql_baseline,GridWorld,183,0.9279999999999999,0.005099019513592753,1.0,20
ql_baseline,GridWorld,184,0.924,0.011135528725660008,1.0,20
ql_baseline,GridWorld,185,0.9269999999999999,0.009539392014169435,1.0,20
ql_baseline,GridWorld,186,0.9269999999999999,0.0071414284285428176,1.0,20
ql_baseline,GridWorld,187,0.9269999999999999,0.009539392014169434,1.0,20
ql_baseline,GridWorld,188,0.9235,0.011079259903080134,1.0,20
ql_baseline,GridWorld,189,0.901,0.11058480908334563,1.0,20
ql_baseline,GridWorld,190,0.8484999999999998,0.32790661780452074,1.0,20
ql_baseline,GridWorld,191,0.9279999999999999,0.0059999999999999715,1.0,20
ql_baseline,GridWorld,192,0.9025000000000001,0.11085463454452411,1.0,20
ql_baseline,GridWorld,193,0.8995000000000001,0.11047511031902163,1.0,20
ql_baseline,GridWorld,194,0.9034999999999999,0.10650234739197068,1.0,20
ql_baseline,GridWorld,195,0.9265000000000001,0.007262919523166938,1.0,20
ql_baseline,GridWorld,196,0.9279999999999999,0.0059999999999999715,1.0,20
ql_baseline,GridWorld,197,0.9029999999999999,0.11090987332063815,1.0,20
ql_baseline,GridWorld,198,0.9259999999999999,0.010198039027185541,1.0,20
ql_baseline,GridWorld,199,0.9015000000000001,0.11069214064241417,1.0,20
ql_arc,GridWorld,0,-4.3229999999999915,1.0090991031608332,0.3,20
ql_arc,GridWorld,1,0.14450000000000027,0.6908290309475981,0.95,20
ql_arc,GridWorld,2,0.2514999999999997,0.6734335527726548,0.9,20
ql_arc,GridWorld,3,0.2554999999999998,0.526787196123824,0.9,20
ql_arc,GridWorld,4,0.3464999999999998,0.5076640129061742,0.95,20
ql_arc,GridWorld,5,0.5019999999999999,0.30577115625905604,1.0,20
ql_arc,GridWorld,6,0.40249999999999986,0.3399099145361901,1.0,20
ql_arc,GridWorld,7,0.49149999999999994,0.345286475263657,1.0,20
ql_arc,GridWorld,8,0.6459999999999998,0.20756685669923325,1.0,20
ql_arc,GridWorld,9,0.6764999999999999,0.3436026047631188,1.0,20
ql_arc,GridWorld,10,0.6009999999999998,0.2913571691240839,1.0,20
ql_arc,GridWorld,11,0.6615,0.16959584310943485,1.0,20
ql_arc,GridWorld,12,0.7354999999999999,0.16359935818945015,1.0,20
ql_arc,GridWorld,13,0.763,0.14220056258679148,1.0,20
ql_arc,GridWorld,14,0.7949999999999999,0.12151131634543345,1.0,20
ql_arc,GridWorld,15,0.7235,0.2702087156255328,1.0,20
ql_arc,GridWorld,16,0.7184999999999999,0.22612551824152888,1.0,20
ql_arc,GridWorld,17,0.7725,0.11505976707781052,1.0,20
ql_arc,GridWorld,18,0.7569999999999999,0.2472670621008791,1.0,20
ql_arc,GridWorld,19,0.8475000000000001,0.06147153812944657,1.0,20
ql_arc,GridWorld,20,0.8744999999999999,0.038402473878644865,1.0,20
ql_arc,GridWorld,21,0.8135,0.1340624854312347,1.0,20
ql_arc,GridWorld,22,0.775,0.17906702655709678,1.0,20
ql_arc,GridWorld,23,0.8069999999999998,0.2024376447205411,1.0,20
ql_arc,GridWorld,24,0.8074999999999999,0.2442309357964302,1.0,20
ql_arc,GridWorld,25,0.8795,0.04375785643744448,1.0,20
ql_arc,GridWorld,26,0.8665,0.11023951197279497,1.0,20
ql_arc,GridWorld,27,0.8895000000000002,0.0443255005611894,1.0,20
ql_arc,GridWorld,28,0.9020000000000001,0.02874021572639983,1.0,20
ql_arc,GridWorld,29,0.8615,0.11186040407579441,1.0,20
ql_arc,GridWorld,30,0.883,0.10559829544078828,1.0,20
ql_arc,GridWorld,31,0.8990000000000002,0.025865034312755136,1.0,20
ql_arc,GridWorld,32,0.881,0.11008632975987528,1.0,20
ql_arc,GridWorld,33,0.8795,0.13745817545711858,1.0,20
ql_arc,GridWorld,34,0.883,0.12818346227185473,1.0,20
ql_arc,GridWorld,35,0.8865000000000001,0.11705874593553446,1.0,20
ql_arc,GridWorld,36,0.8935000000000001,0.10489399410833777,1.0,20
ql_arc,GridWorld,37,0.917,0.01552417469625999,1.0,20
ql_arc,GridWorld,38,0.8905000000000001,0.11128679166909253,1.0,20
ql_arc,GridWorld,39,0.9225,0.012196310917650438,1.0,20
ql_arc,GridWorld,40,0.8955,0.12334808470341163,1.0,20
ql_arc,GridWorld,41,0.9235,0.010136567466356605,1.0,20
ql_arc,GridWorld,42,0.8925000000000001,0.10999431803506944,1.0,20
ql_arc,GridWorld,43,0.8639999999999999,0.15041276541570534,1.0,20
ql_arc,GridWorld,44,0.8494999999999999,0.17805827697694934,1.0,20
ql_arc,GridWorld,45,0.8945000000000001,0.11222633380806842,1.0,20
ql_arc,GridWorld,46,0.876,0.15547990223819927,1.0,20
ql_arc,GridWorld,47,0.8649999999999999,0.15282342752340036,1.0,20
ql_arc,GridWorld,48,0.9205,0.01023474474522932,1.0,20
ql_arc,GridWorld,49,0.8945000000000001,0.10523663810669742,1.0,20
ql_arc,GridWorld,50,0.922,0.015684387141358096,1.0,20
ql_arc,GridWorld,51,0.9219999999999999,0.009797958971132672,1.0,20
ql_arc,GridWorld,52,0.893,0.1053612832116238,1.0,20
ql_arc,GridWorld,53,0.8949999999999999,0.11872236520555005,1.0,20
ql_arc,GridWorld,54,0.9019999999999999,0.10642368157510809,1.0,20
ql_arc,GridWorld,55,0.9259999999999999,0.008602325267042592,1.0,20
ql_arc,GridWorld,56,0.8454999999999998,0.18605039639839527,1.0,20
ql_arc,GridWorld,57,0.916,0.01562049935181328,1.0,20
ql_arc,GridWorld,58,0.8944999999999999,0.11074633176769333,1.0,20
ql_arc,GridWorld,59,0.9219999999999999,0.012083045973594544,1.0,20
ql_arc,GridWorld,60,0.891,0.10487611739571598,1.0,20
ql_arc,GridWorld,61,0.8709999999999999,0.15731814898478816,1.0,20
ql_arc,GridWorld,62,0.8950000000000001,0.10970414759707128,1.0,20
ql_arc,GridWorld,63,0.924,0.010198039027185536,1.0,20
ql_arc,GridWorld,64,0.9229999999999998,0.010999999999999965,1.0,20
ql_arc,GridWorld,65,0.893,0.10913752791776073,1.0,20
ql_arc,GridWorld,66,0.9,0.10606601717798211,1.0,20
ql_arc,GridWorld,67,0.8985,0.11037549546887661,1.0,20
ql_arc,GridWorld,68,0.9184999999999999,0.016209565077447294,1.0,20
ql_arc,GridWorld,69,0.925,0.008660254037844347,1.0,20
ql_arc,GridWorld,70,0.921,0.015779733838059473,1.0,20
ql_arc,GridWorld,71,0.8955,0.1187634202942977,1.0,20
ql_arc,GridWorld,72,0.8995,0.10580524561665172,1.0,20
ql_arc,GridWorld,73,0.9254999999999999,0.0080467384697155,1.0,20
ql_arc,GridWorld,74,0.9185000000000001,0.024140215409146615,1.0,20
ql_arc,GridWorld,75,0.8975000000000002,0.11915850787921103,1.0,20
ql_arc,GridWorld,76,0.9235,0.012359207094308242,1.0,20
ql_arc,GridWorld,77,0.8979999999999999,0.10614141510268271,1.0,20
ql_arc,GridWorld,78,0.8945000000000001,0.10929203996632143,1.0,20
ql_arc,GridWorld,79,0.9279999999999999,0.005999999999999972,1.0,20
ql_arc,GridWorld,80,0.899,0.1059669759878048,1.0,20
ql_arc,GridWorld,81,0.9189999999999999,0.014456832294800923,1.0,20
ql_arc,GridWorld,82,0.9244999999999999,0.010712142642814242,1.0,20
ql_arc,GridWorld,83,0.9225000000000001,0.011779218989389712,1.0,20
ql_arc,GridWorld,84,0.9189999999999999,0.015459624833740273,1.0,20
ql_arc,GridWorld,85,0.8995,0.11038455507905082,1.0,20
ql_arc,GridWorld,86,0.922,0.014352700094407294,1.0,20
ql_arc,GridWorld,87,0.9195,0.015644487847161985,1.0,20
ql_arc,GridWorld,88,0.9,0.11054410884348383,1.0,20
ql_arc,GridWorld,89,0.923,0.011445523142259561,1.0,20
ql_arc,GridWorld,90,0.9004999999999999,0.10599410360958766,1.0,20
ql_arc,GridWorld,91,0.8985,0.10565391616026357,1.0,20
ql_arc,GridWorld,92,0.8965,0.10532212493108939,1.0,20
ql_arc,GridWorld,93,0.924,0.009165151389911638,1.0,20
ql_arc,GridWorld,94,0.9254999999999999,0.008645808232895255,1.0,20
ql_arc,GridWorld,95,0.923,0.010999999999999965,1.0,20
ql_arc,GridWorld,96,0.8954999999999999,0.10518911540649062,1.0,20
ql_arc,GridWorld,97,0.8719999999999999,0.15114893317519645,1.0,20
ql_arc,GridWorld,98,0.9259999999999999,0.0073484692283494945,1.0,20
ql_arc,GridWorld,99,0.8995,0.10580524561665172,1.0,20
ql_arc,GridWorld,100,0.9174999999999999,0.01639359631075497,1.0,20
ql_arc,GridWorld,101,0.9004999999999999,0.10594692067257078,1.0,20
ql_arc,GridWorld,102,0.9244999999999999,0.010712142642814242,1.0,20
ql_arc,GridWorld,103,0.9225,0.013738631664034055,1.0,20
ql_arc,GridWorld,104,0.8960000000000001,0.11425410277097274,1.0,20
ql_arc,GridWorld,105,0.8975,0.10802198850234151,1.0,20
ql_arc,GridWorld,106,0.8949999999999999,0.10561723344227494,1.0,20
ql_arc,GridWorld,107,0.923,0.011874342087037883,1.0,20
ql_arc,GridWorld,108,0.9260000000000002,0.007348469228349495,1.0,20
ql_arc,GridWorld,109,0.8989999999999998,0.11475626344561764,1.0,20
ql_arc,GridWorld,110,0.897,0.10578752289377043,1.0,20
ql_arc,GridWorld,111,0.9264999999999999,0.007262919523166938,1.0,20
ql_arc,GridWorld,112,0.8699999999999999,0.22291253890259294,1.0,20
ql_arc,GridWorld,113,0.9235,0.009096702699330082,1.0,20
ql_arc,GridWorld,114,0.899,0.10582532778120746,1.0,20
ql_arc,GridWorld,115,0.9225,0.010428326807307065,1.0,20
ql_arc,GridWorld,116,0.8949999999999999,0.12130539971493436,1.0,20
ql_arc,GridWorld,117,0.9185000000000001,0.014239030865898105,1.0,20
ql_arc,GridWorld,118,0.8785000000000001,0.14636512562765763,1.0,20
ql_arc,GridWorld,119,0.8979999999999999,0.11236547512470191,1.0,20
ql_arc,GridWorld,120,0.898,0.1101635148313633,1.0,20
ql_arc,GridWorld,121,0.9029999999999999,0.10640018796975878,1.0,20
ql_arc,GridWorld,122,0.9225,0.012196310917650431,1.0,20
ql_arc,GridWorld,123,0.9005000000000001,0.10589971671350211,1.0,20
ql_arc,GridWorld,124,0.9205,0.01883480820183734,1.0,20
ql_arc,GridWorld,125,0.8965,0.11481615739955765,1.0,20
ql_arc,GridWorld,126,0.8939999999999999,0.10933434958877289,1.0,20
ql_arc,GridWorld,127,0.9259999999999999,0.008602325267042592,1.0,20
ql_arc,GridWorld,128,0.849,0.17773294573601148,1.0,20
ql_arc,GridWorld,129,0.9209999999999999,0.013747727084867486,1.0,20
ql_arc,GridWorld,130,0.9,0.10583005244258362,1.0,20
ql_arc,GridWorld,131,0.8989999999999998,0.11031319050775389,1.0,20
ql_arc,GridWorld,132,0.8989999999999998,0.11085576214162257,1.0,20
ql_arc,GridWorld,133,0.9279999999999999,0.0059999999999999715,1.0,20
ql_arc,GridWorld,134,0.8959999999999999,0.10988175462741755,1.0,20
ql_arc,GridWorld,135,0.922,0.013638181696985824,1.0,20
ql_arc,GridWorld,136,0.9225,0.011779218989389712,1.0,20
ql_arc,GridWorld,137,0.9020000000000001,0.10628264204469137,1.0,20
ql_arc,GridWorld,138,0.9189999999999999,0.01135781669160051,1.0,20
ql_arc,GridWorld,139,0.868,0.14695577566057078,1.0,20
ql_arc,GridWorld,140,0.9004999999999999,0.10608840652964867,1.0,20
ql_arc,GridWorld,141,0.9,0.10597169433391164,1.0,20
ql_arc,GridWorld,142,0.8734999999999999,0.1515346495030097,1.0,20
ql_arc,GridWorld,143,0.8785000000000001,0.14636512562765763,1.0,20
ql_arc,GridWorld,144,0.924,0.01593737745050921,1.0,20
ql_arc,GridWorld,145,0.9244999999999999,0.009205976319760948,1.0,20
ql_arc,GridWorld,146,0.868,0.1599562440169186,1.0,20
ql_arc,GridWorld,147,0.9225,0.014448183276799862,1.0,20
ql_arc,GridWorld,148,0.8950000000000001,0.11412712210513327,1.0,20
ql_arc,GridWorld,149,0.8955,0.10556869801224224,1.0,20
ql_arc,GridWorld,150,0.8974999999999997,0.10549289075572818,1.0,20
ql_arc,GridWorld,151,0.8765000000000001,0.14910650555894603,1.0,20
ql_arc,GridWorld,152,0.924,0.009165151389911641,1.0,20
ql_arc,GridWorld,153,0.9219999999999999,0.011661903789690562,1.0,20
ql_arc,GridWorld,154,0.9189999999999999,0.013747727084867482,1.0,20
ql_arc,GridWorld,155,0.923,0.010049875621120849,1.0,20
ql_arc,GridWorld,156,0.9244999999999999,0.011608186766243868,1.0,20
ql_arc,GridWorld,157,0.924,0.013928388277184093,1.0,20
ql_arc,GridWorld,158,0.9225,0.010428326807307063,1.0,20
ql_arc,GridWorld,159,0.924,0.011575836902790192,1.0,20
ql_arc,GridWorld,160,0.9279999999999999,0.005099019513592752,1.0,20
ql_arc,GridWorld,161,0.9255000000000001,0.01023474474522933,1.0,20
ql_arc,GridWorld,162,0.9244999999999999,0.009205976319760948,1.0,20
ql_arc,GridWorld,163,0.8495000000000001,0.1764504179649343,1.0,20
ql_arc,GridWorld,164,0.9244999999999999,0.008046738469715499,1.0,20
ql_arc,GridWorld,165,0.9244999999999999,0.014309088021254164,1.0,20
ql_arc,GridWorld,166,0.922,0.012884098726725092,1.0,20
ql_arc,GridWorld,167,0.9244999999999999,0.008645808232895251,1.0,20
ql_arc,GridWorld,168,0.9225,0.010897247358851649,1.0,20
ql_arc,GridWorld,169,0.9225,0.01134680571791018,1.0,20
ql_arc,GridWorld,170,0.925,0.007416198487095621,1.0,20
ql_arc,GridWorld,171,0.922,0.013638181696985824,1.0,20
ql_arc,GridWorld,172,0.8515,0.17587708776301705,1.0,20
ql_arc,GridWorld,173,0.922,0.013999999999999974,1.0,20
ql_arc,GridWorld,174,0.914,0.019339079605813686,1.0,20
ql_arc,GridWorld,175,0.924,0.010677078252031277,1.0,20
ql_arc,GridWorld,176,0.875,0.15203617990465296,1.0,20
ql_arc,GridWorld,177,0.901,0.11510430052782564,1.0,20
ql_arc,GridWorld,178,0.915,0.013964240043768904,1.0,20
ql_arc,GridWorld,179,0.9274999999999999,0.006224949798994334,1.0,20
ql_arc,GridWorld,180,0.8985,0.11468543935478469,1.0,20
ql_arc,GridWorld,181,0.8965,0.11697328754891008,1.0,20
ql_arc,GridWorld,182,0.9249999999999998,0.008660254037844347,1.0,20
ql_arc,GridWorld,183,0.9269999999999999,0.006403124237432812,1.0,20
ql_arc,GridWorld,184,0.9265000000000001,0.007262919523166938,1.0,20
ql_arc,GridWorld,185,0.8959999999999999,0.11697863052711804,1.0,20
ql_arc,GridWorld,186,0.9254999999999999,0.0080467384697155,1.0,20
ql_arc,GridWorld,187,0.8724999999999999,0.15936985285806096,1.0,20
ql_arc,GridWorld,188,0.9265000000000001,0.007262919523166938,1.0,20
ql_arc,GridWorld,189,0.9004999999999999,0.10841932484571191,1.0,20
ql_arc,GridWorld,190,0.9244999999999999,0.010234744745229328,1.0,20
ql_arc,GridWorld,191,0.9235,0.011079259903080133,1.0,20
ql_arc,GridWorld,192,0.924,0.008602325267042583,1.0,20
ql_arc,GridWorld,193,0.9244999999999999,0.008645808232895251,1.0,20
ql_arc,GridWorld,194,0.9,0.10606601717798213,1.0,20
ql_arc,GridWorld,195,0.8765000000000001,0.15229166096671218,1.0,20
ql_arc,GridWorld,196,0.924,0.010677078252031277,1.0,20
ql_arc,GridWorld,197,0.9259999999999999,0.00969535971483263,1.0,20
ql_arc,GridWorld,198,0.8699999999999999,0.15388307249337077,1.0,20
ql_arc,GridWorld,199,0.925,0.00921954445729285,1.0,20
ql_baseline,StochasticGridWorld,0,-3.916999999999992,1.3014995197847734,0.25,20
ql_baseline,StochasticGridWorld,1,-1.060499999999999,1.38259348689338,0.65,20
ql_baseline,StochasticGridWorld,2,-0.3984999999999992,1.041072884096016,0.9,20
ql_baseline,StochasticGridWorld,3,0.10599999999999979,0.5683959887261697,1.0,20
ql_baseline,StochasticGridWorld,4,0.05999999999999976,0.6797940864703076,0.95,20
ql_baseline,StochasticGridWorld,5,0.05199999999999984,0.869560808684476,0.85,20
ql_baseline,StochasticGridWorld,6,0.22499999999999973,0.39722160062111433,0.95,20
ql_baseline,StochasticGridWorld,7,0.23399999999999985,0.5346157498615245,0.95,20
ql_baseline,StochasticGridWorld,8,0.38699999999999984,0.4578001747487654,1.0,20
ql_baseline,StochasticGridWorld,9,0.3855000000000004,0.8195027455719699,0.95,20
ql_baseline,StochasticGridWorld,10,0.40599999999999986,0.5091797325110261,1.0,20
ql_baseline,StochasticGridWorld,11,0.44800000000000023,0.8610435529054256,0.95,20
ql_baseline,StochasticGridWorld,12,0.6465,0.23544160634858066,1.0,20
ql_baseline,StochasticGridWorld,13,0.6129999999999999,0.32922788460274754,1.0,20
ql_baseline,StochasticGridWorld,14,0.6064999999999998,0.3791737728271828,1.0,20
ql_baseline,StochasticGridWorld,15,0.564,0.3214716161654089,1.0,20
ql_baseline,StochasticGridWorld,16,0.6334999999999998,0.26846368469496956,1.0,20
ql_baseline,StochasticGridWorld,17,0.5654999999999999,0.5044747268198876,0.95,20
ql_baseline,StochasticGridWorld,18,0.7575,0.20295011702386379,1.0,20
ql_baseline,StochasticGridWorld,19,0.7959999999999999,0.1422462653288304,1.0,20
ql_baseline,StochasticGridWorld,20,0.596,0.49001428550604503,1.0,20
ql_baseline,StochasticGridWorld,21,0.5905000000000002,0.5867407860375811,1.0,20
ql_baseline,StochasticGridWorld,22,0.6679999999999999,0.3248476566022911,1.0,20
ql_baseline,StochasticGridWorld,23,0.6845,0.3383559516249124,1.0,20
ql_baseline,StochasticGridWorld,24,0.644,0.3737967362083302,1.0,20
ql_baseline,StochasticGridWorld,25,0.6769999999999999,0.25900000000000006,1.0,20
ql_baseline,StochasticGridWorld,26,0.8030000000000002,0.15572732579736928,1.0,20
ql_baseline,StochasticGridWorld,27,0.7874999999999999,0.2744608350930967,1.0,20
ql_baseline,StochasticGridWorld,28,0.6384999999999998,0.3608223246973502,1.0,20
ql_baseline,StochasticGridWorld,29,0.7354999999999999,0.23480790020780823,1.0,20
ql_baseline,StochasticGridWorld,30,0.808,0.16557777628655365,1.0,20
ql_baseline,StochasticGridWorld,31,0.7819999999999999,0.1820604295282201,1.0,20
ql_baseline,StochasticGridWorld,32,0.7975,0.28031901469575704,1.0,20
ql_baseline,StochasticGridWorld,33,0.8535,0.12277112852784244,1.0,20
ql_baseline,StochasticGridWorld,34,0.819,0.17837881040078726,1.0,20
ql_baseline,StochasticGridWorld,35,0.7700000000000001,0.2200227260989192,1.0,20
ql_baseline,StochasticGridWorld,36,0.827,0.15997187252764158,1.0,20
ql_baseline,StochasticGridWorld,37,0.8935000000000001,0.03940494892776795,1.0,20
ql_baseline,StochasticGridWorld,38,0.8895,0.04283398183685471,1.0,20
ql_baseline,StochasticGridWorld,39,0.8855000000000001,0.04200892762258995,1.0,20
ql_baseline,StochasticGridWorld,40,0.8535,0.14605735174923584,1.0,20
ql_baseline,StochasticGridWorld,41,0.8950000000000002,0.030903074280724897,1.0,20
ql_baseline,StochasticGridWorld,42,0.8465,0.15739361486413608,1.0,20
ql_baseline,StochasticGridWorld,43,0.906,0.022449944320643643,1.0,20
ql_baseline,StochasticGridWorld,44,0.8520000000000001,0.1634808857328587,1.0,20
ql_baseline,StochasticGridWorld,45,0.836,0.2403622266496964,1.0,20
ql_baseline,StochasticGridWorld,46,0.9059999999999999,0.026720778431774752,1.0,20
ql_baseline,StochasticGridWorld,47,0.6674999999999999,0.5552825857164979,1.0,20
ql_baseline,StochasticGridWorld,48,0.8469999999999999,0.2173499482401595,1.0,20
ql_baseline,StochasticGridWorld,49,0.8440000000000001,0.17333205127730994,1.0,20
ql_baseline,StochasticGridWorld,50,0.8755,0.10651173644251606,1.0,20
ql_baseline,StochasticGridWorld,51,0.8864999999999998,0.10850230412300009,1.0,20
ql_baseline,StochasticGridWorld,52,0.7735000000000001,0.22906931265448896,1.0,20
ql_baseline,StochasticGridWorld,53,0.7924999999999999,0.2645538697505671,1.0,20
ql_baseline,StochasticGridWorld,54,0.8785000000000001,0.12268964911515559,1.0,20
ql_baseline,StochasticGridWorld,55,0.835,0.24104978738841487,1.0,20
ql_baseline,StochasticGridWorld,56,0.9015000000000001,0.022422087324778663,1.0,20
ql_baseline,StochasticGridWorld,57,0.913,0.02570992026436486,1.0,20
ql_baseline,StochasticGridWorld,58,0.8995000000000001,0.031855140872392954,1.0,20
ql_baseline,StochasticGridWorld,59,0.8840000000000001,0.10494760597555335,1.0,20
ql_baseline,StochasticGridWorld,60,0.9049999999999999,0.02559296778413944,1.0,20
ql_baseline,StochasticGridWorld,61,0.8404999999999999,0.19586921657064954,1.0,20
ql_baseline,StochasticGridWorld,62,0.842,0.23802520874898944,1.0,20
ql_baseline,StochasticGridWorld,63,0.8355,0.18004096756016394,1.0,20
ql_baseline,StochasticGridWorld,64,0.825,0.24624175113087546,1.0,20
ql_baseline,StochasticGridWorld,65,0.8854999999999998,0.1131138806689966,1.0,20
ql_baseline,StochasticGridWorld,66,0.7585000000000001,0.45105736885677855,1.0,20
ql_baseline,StochasticGridWorld,67,0.8594999999999999,0.2304012803783868,1.0,20
ql_baseline,StochasticGridWorld,68,0.8819999999999999,0.12253978945632311,1.0,20
ql_baseline,StochasticGridWorld,69,0.8265,0.24579005268724774,1.0,20
ql_baseline,StochasticGridWorld,70,0.8450000000000001,0.15412657136263042,1.0,20
ql_baseline,StochasticGridWorld,71,0.8775000000000001,0.10458847928906893,1.0,20
ql_baseline,StochasticGridWorld,72,0.8830000000000002,0.10742904635153383,1.0,20
ql_baseline,StochasticGridWorld,73,0.907,0.02410394158638789,1.0,20
ql_baseline,StochasticGridWorld,74,0.8504999999999999,0.15784406862470318,1.0,20
ql_baseline,StochasticGridWorld,75,0.8825,0.10425329730996521,1.0,20
ql_baseline,StochasticGridWorld,76,0.8835000000000001,0.11748510543894493,1.0,20
ql_baseline,StochasticGridWorld,77,0.9075,0.02384848003542363,1.0,20
ql_baseline,StochasticGridWorld,78,0.8,0.2597498796919837,1.0,20
ql_baseline,StochasticGridWorld,79,0.807,0.2156177172683173,1.0,20
ql_baseline,StochasticGridWorld,80,0.8735000000000002,0.11774018005761668,1.0,20
ql_baseline,StochasticGridWorld,81,0.908,0.02293468988235942,1.0,20
ql_baseline,StochasticGridWorld,82,0.8855000000000001,0.10688662217508794,1.0,20
ql_baseline,StochasticGridWorld,83,0.883,0.1127430707405116,1.0,20
ql_baseline,StochasticGridWorld,84,0.8644999999999998,0.15272442502756395,1.0,20
ql_baseline,StochasticGridWorld,85,0.8790000000000001,0.12628935030318272,1.0,20
ql_baseline,StochasticGridWorld,86,0.7865,0.2649580155420855,1.0,20
ql_baseline,StochasticGridWorld,87,0.857,0.14670037491431304,1.0,20
ql_baseline,StochasticGridWorld,88,0.905,0.031859064644147964,1.0,20
ql_baseline,StochasticGridWorld,89,0.9024999999999999,0.017571283390805575,1.0,20
ql_baseline,StochasticGridWorld,90,0.8625,0.15002916383156978,1.0,20
ql_baseline,StochasticGridWorld,91,0.8675,0.15712654136077714,1.0,20
ql_baseline,StochasticGridWorld,92,0.89,0.10483320084782304,1.0,20
ql_baseline,StochasticGridWorld,93,0.8955000000000002,0.03499642838919423,1.0,20
ql_baseline,StochasticGridWorld,94,0.8414999999999999,0.18169411107683156,1.0,20
ql_baseline,StochasticGridWorld,95,0.9029999999999999,0.031160872901765762,1.0,20
ql_baseline,StochasticGridWorld,96,0.881,0.12086769626331095,1.0,20
ql_baseline,StochasticGridWorld,97,0.913,0.020273134932713273,1.0,20
ql_baseline,StochasticGridWorld,98,0.885,0.1087887861868125,1.0,20
ql_baseline,StochasticGridWorld,99,0.8530000000000001,0.16068914089010494,1.0,20
ql_baseline,StochasticGridWorld,100,0.8815,0.1123955070276388,1.0,20
ql_baseline,StochasticGridWorld,101,0.9039999999999999,0.028530685235374203,1.0,20
ql_baseline,StochasticGridWorld,102,0.8800000000000001,0.10825894882179486,1.0,20
ql_baseline,StochasticGridWorld,103,0.7985,0.2115484578057709,1.0,20
ql_baseline,StochasticGridWorld,104,0.9119999999999999,0.020880613017821088,1.0,20
ql_baseline,StochasticGridWorld,105,0.8845000000000001,0.11182463950310773,1.0,20
ql_baseline,StochasticGridWorld,106,0.8109999999999999,0.25982494106609555,1.0,20
ql_baseline,StochasticGridWorld,107,0.8530000000000001,0.15023648025696024,1.0,20
ql_baseline,StochasticGridWorld,108,0.885,0.12196310917650469,1.0,20
ql_baseline,StochasticGridWorld,109,0.9084999999999999,0.028332843133014367,1.0,20
ql_baseline,StochasticGridWorld,110,0.8825,0.11013060428418615,1.0,20
ql_baseline,StochasticGridWorld,111,0.8869999999999999,0.11131486872830602,1.0,20
ql_baseline,StochasticGridWorld,112,0.8845000000000001,0.10818849291860944,1.0,20
ql_baseline,StochasticGridWorld,113,0.7769999999999999,0.2842551670594573,1.0,20
ql_baseline,StochasticGridWorld,114,0.9119999999999999,0.019646882704388476,1.0,20
ql_baseline,StochasticGridWorld,115,0.8859999999999999,0.11200000000000002,1.0,20
ql_baseline,StochasticGridWorld,116,0.9135000000000002,0.012359207094308263,1.0,20
ql_baseline,StochasticGridWorld,117,0.884,0.1109233969908964,1.0,20
ql_baseline,StochasticGridWorld,118,0.86,0.15152557539900652,1.0,20
ql_baseline,StochasticGridWorld,119,0.8245000000000001,0.259219501581189,1.0,20
ql_baseline,StochasticGridWorld,120,0.8755000000000001,0.128237085119711,1.0,20
ql_baseline,StochasticGridWorld,121,0.8540000000000001,0.14984658821608185,1.0,20
ql_baseline,StochasticGridWorld,122,0.834,0.1779438113562818,1.0,20
ql_baseline,StochasticGridWorld,123,0.8324999999999999,0.18400747267434553,1.0,20
ql_baseline,StochasticGridWorld,124,0.9065000000000001,0.020802644062714707,1.0,20
ql_baseline,StochasticGridWorld,125,0.899,0.027910571473905722,1.0,20
ql_baseline,StochasticGridWorld,126,0.835,0.17574128712399942,1.0,20
ql_baseline,StochasticGridWorld,127,0.8789999999999999,0.14494481708567578,1.0,20
ql_baseline,StochasticGridWorld,128,0.8589999999999998,0.15439883419248995,1.0,20
ql_baseline,StochasticGridWorld,129,0.845,0.16770509831248429,1.0,20
ql_baseline,StochasticGridWorld,130,0.9045,0.019098429254784274,1.0,20
ql_baseline,StochasticGridWorld,131,0.8835000000000001,0.10612610423453787,1.0,20
ql_baseline,StochasticGridWorld,132,0.8889999999999999,0.1130884609498246,1.0,20
ql_baseline,StochasticGridWorld,133,0.8579999999999999,0.17534537347760282,1.0,20
ql_baseline,StochasticGridWorld,134,0.8865000000000001,0.1130165917022806,1.0,20
ql_baseline,StochasticGridWorld,135,0.8264999999999999,0.24292540007170926,1.0,20
ql_baseline,StochasticGridWorld,136,0.85,0.22636254107073459,1.0,20
ql_baseline,StochasticGridWorld,137,0.9110000000000001,0.017860571099491736,1.0,20
ql_baseline,StochasticGridWorld,138,0.8334999999999999,0.24337779274206595,1.0,20
ql_baseline,StochasticGridWorld,139,0.7879999999999999,0.270418194654132,1.0,20
ql_baseline,StochasticGridWorld,140,0.914,0.020591260281973972,1.0,20
ql_baseline,StochasticGridWorld,141,0.8315000000000001,0.19435212887951603,1.0,20
ql_baseline,StochasticGridWorld,142,0.8759999999999998,0.11568923891183659,1.0,20
ql_baseline,StochasticGridWorld,143,0.8764999999999998,0.11118790401837783,1.0,20
ql_baseline,StochasticGridWorld,144,0.8779999999999999,0.11307519621915321,1.0,20
ql_baseline,StochasticGridWorld,145,0.8905000000000001,0.1057106900932919,1.0,20
ql_baseline,StochasticGridWorld,146,0.8629999999999999,0.12787102877509046,1.0,20
ql_baseline,StochasticGridWorld,147,0.8515,0.15320819168699826,1.0,20
ql_baseline,StochasticGridWorld,148,0.8554999999999999,0.1731610522028554,1.0,20
ql_baseline,StochasticGridWorld,149,0.8574999999999999,0.14425238299591453,1.0,20
ql_baseline,StochasticGridWorld,150,0.8574999999999999,0.15459220549562,1.0,20
ql_baseline,StochasticGridWorld,151,0.8785000000000001,0.10565391616026357,1.0,20
ql_baseline,StochasticGridWorld,152,0.8785000000000001,0.12626460311583768,1.0,20
ql_baseline,StochasticGridWorld,153,0.817,0.34044235929155475,1.0,20
ql_baseline,StochasticGridWorld,154,0.8735000000000002,0.10817924939654555,1.0,20
ql_baseline,StochasticGridWorld,155,0.8685,0.1466040586068476,1.0,20
ql_baseline,StochasticGridWorld,156,0.8309999999999998,0.1778735505914244,1.0,20
ql_baseline,StochasticGridWorld,157,0.885,0.11547727049077665,1.0,20
ql_baseline,StochasticGridWorld,158,0.8864999999999998,0.11542421756286676,1.0,20
ql_baseline,StochasticGridWorld,159,0.9155000000000001,0.02060946384552493,1.0,20
ql_baseline,StochasticGridWorld,160,0.868,0.15028639326299642,1.0,20
ql_baseline,StochasticGridWorld,161,0.8889999999999999,0.12238872497088937,1.0,20
ql_baseline,StochasticGridWorld,162,0.8934999999999998,0.11078244445759447,1.0,20
ql_baseline,StochasticGridWorld,163,0.853,0.16519987893458035,1.0,20
ql_baseline,StochasticGridWorld,164,0.8549999999999999,0.1624346022250186,1.0,20
ql_baseline,StochasticGridWorld,165,0.8905000000000001,0.10938349966973995,1.0,20
ql_baseline,StochasticGridWorld,166,0.906,0.031685959035509706,1.0,20
ql_baseline,StochasticGridWorld,167,0.8795,0.1137749972533509,1.0,20
ql_baseline,StochasticGridWorld,168,0.7855,0.2650561261318063,1.0,20
ql_baseline,StochasticGridWorld,169,0.882,0.11685888926393236,1.0,20
ql_baseline,StochasticGridWorld,170,0.8724999999999999,0.11986972094736853,1.0,20
ql_baseline,StochasticGridWorld,171,0.8835,0.1157270495605932,1.0,20
ql_baseline,StochasticGridWorld,172,0.8265,0.19943106578464653,1.0,20
ql_baseline,StochasticGridWorld,173,0.8524999999999998,0.15312984686206674,1.0,20
ql_baseline,StochasticGridWorld,174,0.915,0.015329709716755862,1.0,20
ql_baseline,StochasticGridWorld,175,0.836,0.24682787524912986,1.0,20
ql_baseline,StochasticGridWorld,176,0.9065,0.02434645764787969,1.0,20
ql_baseline,StochasticGridWorld,177,0.892,0.10929775843996072,1.0,20
ql_baseline,StochasticGridWorld,178,0.852,0.1618208886392607,1.0,20
ql_baseline,StochasticGridWorld,179,0.8694999999999998,0.13219209507379784,1.0,20
ql_baseline,StochasticGridWorld,180,0.889,0.11352973178863765,1.0,20
ql_baseline,StochasticGridWorld,181,0.8795,0.12167477141955109,1.0,20
ql_baseline,StochasticGridWorld,182,0.8594999999999999,0.2230801425497124,1.0,20
ql_baseline,StochasticGridWorld,183,0.891,0.11153026495081952,1.0,20
ql_baseline,StochasticGridWorld,184,0.8039999999999999,0.27510725181281576,1.0,20
ql_baseline,StochasticGridWorld,185,0.8565000000000002,0.14990913914768506,1.0,20
ql_baseline,StochasticGridWorld,186,0.9155000000000001,0.023339880033967596,1.0,20
ql_baseline,StochasticGridWorld,187,0.9155000000000001,0.012835497652993416,1.0,20
ql_baseline,StochasticGridWorld,188,0.9109999999999999,0.022113344387495962,1.0,20
ql_baseline,StochasticGridWorld,189,0.891,0.03284813541131369,1.0,20
ql_baseline,StochasticGridWorld,190,0.8480000000000001,0.16824387061643586,1.0,20
ql_baseline,StochasticGridWorld,191,0.8640000000000001,0.15573695772038185,1.0,20
ql_baseline,StochasticGridWorld,192,0.8859999999999999,0.10408650248711405,1.0,20
ql_baseline,StochasticGridWorld,193,0.9165000000000001,0.01589811309558462,1.0,20
ql_baseline,StochasticGridWorld,194,0.8534999999999998,0.16359324558183938,1.0,20
ql_baseline,StochasticGridWorld,195,0.8494999999999999,0.14786733919294012,1.0,20
ql_baseline,StochasticGridWorld,196,0.7849999999999999,0.28286922773606893,1.0,20
ql_baseline,StochasticGridWorld,197,0.8790000000000001,0.11401315713548152,1.0,20
ql_baseline,StochasticGridWorld,198,0.7779999999999998,0.2163469435883022,1.0,20
ql_baseline,StochasticGridWorld,199,0.8920000000000003,0.10938921336219583,1.0,20
ql_arc,StochasticGridWorld,0,-3.6439999999999926,1.680471362445665,0.3,20
ql_arc,StochasticGridWorld,1,-0.41849999999999915,1.0076173628912888,0.95,20
ql_arc,StochasticGridWorld,2,-0.5779999999999992,1.2437949991859572,0.7,20
ql_arc,StochasticGridWorld,3,-0.2884999999999994,1.114537011498495,0.75,20
ql_arc,StochasticGridWorld,4,-0.34599999999999953,1.104026267803442,0.75,20
ql_arc,StochasticGridWorld,5,0.4129999999999999,0.45437979708609416,1.0,20
ql_arc,StochasticGridWorld,6,0.29849999999999993,0.5589568409099218,0.95,20
ql_arc,StochasticGridWorld,7,0.505,0.41961291686505536,1.0,20
ql_arc,StochasticGridWorld,8,0.19599999999999979,0.6203821402974138,0.95,20
ql_arc,StochasticGridWorld,9,0.4469999999999999,0.648151988348412,0.95,20
ql_arc,StochasticGridWorld,10,0.426,0.6393934625877866,1.0,20
ql_arc,StochasticGridWorld,11,0.42749999999999994,0.4892021565774214,1.0,20
ql_arc,StochasticGridWorld,12,0.6249999999999999,0.26498113140372853,1.0,20
ql_arc,StochasticGridWorld,13,0.5380000000000003,0.6389413118589209,1.0,20
ql_arc,StochasticGridWorld,14,0.5289999999999999,0.5483146906658621,0.95,20
ql_arc,StochasticGridWorld,15,0.5279999999999999,0.28627958362412087,1.0,20
ql_arc,StochasticGridWorld,16,0.554,0.582721202634673,1.0,20
ql_arc,StochasticGridWorld,17,0.5699999999999998,0.3119615360905893,1.0,20
ql_arc,StochasticGridWorld,18,0.7474999999999998,0.2073613994937342,1.0,20
ql_arc,StochasticGridWorld,19,0.6639999999999999,0.26146510283401114,1.0,20
ql_arc,StochasticGridWorld,20,0.5399999999999999,0.33194879123141885,1.0,20
ql_arc,StochasticGridWorld,21,0.5055,0.48098310781149073,1.0,20
ql_arc,StochasticGridWorld,22,0.6825,0.29011851026778696,1.0,20
ql_arc,StochasticGridWorld,23,0.6819999999999999,0.3562246482207541,1.0,20
ql_arc,StochasticGridWorld,24,0.6304999999999998,0.34578136155669237,1.0,20
ql_arc,StochasticGridWorld,25,0.7514999999999998,0.21133563353112036,1.0,20
ql_arc,StochasticGridWorld,26,0.7024999999999999,0.3870771886846344,1.0,20
ql_arc,StochasticGridWorld,27,0.6845,0.32063179817354365,1.0,20
ql_arc,StochasticGridWorld,28,0.57,0.5494906732602476,0.95,20
ql_arc,StochasticGridWorld,29,0.695,0.40419673427676295,1.0,20
ql_arc,StochasticGridWorld,30,0.8400000000000001,0.06760177512462229,1.0,20
ql_arc,StochasticGridWorld,31,0.8055,0.24802167244013176,1.0,20
ql_arc,StochasticGridWorld,32,0.8039999999999999,0.15701592275944504,1.0,20
ql_arc,StochasticGridWorld,33,0.78,0.26864474683120093,1.0,20
ql_arc,StochasticGridWorld,34,0.7879999999999999,0.22800438592272748,1.0,20
ql_arc,StochasticGridWorld,35,0.8115,0.18042380663316027,1.0,20
ql_arc,StochasticGridWorld,36,0.6784999999999999,0.38441221364571654,1.0,20
ql_arc,StochasticGridWorld,37,0.841,0.11126095451684749,1.0,20
ql_arc,StochasticGridWorld,38,0.8514999999999999,0.1640815346100834,1.0,20
ql_arc,StochasticGridWorld,39,0.7249999999999999,0.3069771978502638,1.0,20
ql_arc,StochasticGridWorld,40,0.7870000000000001,0.21166246714994139,1.0,20
ql_arc,StochasticGridWorld,41,0.8049999999999999,0.19630333670113714,1.0,20
ql_arc,StochasticGridWorld,42,0.7695000000000001,0.3919116609645598,1.0,20
ql_arc,StochasticGridWorld,43,0.851,0.16437457224278945,1.0,20
ql_arc,StochasticGridWorld,44,0.7515,0.2898150272156363,1.0,20
ql_arc,StochasticGridWorld,45,0.8059999999999998,0.28168067026333204,1.0,20
ql_arc,StochasticGridWorld,46,0.8184999999999999,0.1824630099499622,1.0,20
ql_arc,StochasticGridWorld,47,0.8375,0.25616157010761786,1.0,20
ql_arc,StochasticGridWorld,48,0.8695,0.12338861373724887,1.0,20
ql_arc,StochasticGridWorld,49,0.7635000000000001,0.27494135738371556,1.0,20
ql_arc,StochasticGridWorld,50,0.9019999999999999,0.022934689882359426,1.0,20
ql_arc,StochasticGridWorld,51,0.851,0.14247455913249915,1.0,20
ql_arc,StochasticGridWorld,52,0.9,0.03376388603226826,1.0,20
ql_arc,StochasticGridWorld,53,0.8905,0.052390361709001396,1.0,20
ql_arc,StochasticGridWorld,54,0.791,0.27177012344994805,1.0,20
ql_arc,StochasticGridWorld,55,0.7935,0.3195821490634295,1.0,20
ql_arc,StochasticGridWorld,56,0.796,0.3176538997084721,1.0,20
ql_arc,StochasticGridWorld,57,0.9005000000000001,0.027834331319433556,1.0,20
ql_arc,StochasticGridWorld,58,0.821,0.18387223825254323,1.0,20
ql_arc,StochasticGridWorld,59,0.867,0.14471005493745076,1.0,20
ql_arc,StochasticGridWorld,60,0.8835,0.10503689827865256,1.0,20
ql_arc,StochasticGridWorld,61,0.8424999999999999,0.15530212490497358,1.0,20
ql_arc,StochasticGridWorld,62,0.7775,0.21049643702447798,1.0,20
ql_arc,StochasticGridWorld,63,0.9,0.041833001326703784,1.0,20
ql_arc,StochasticGridWorld,64,0.8220000000000001,0.23878023368779921,1.0,20
ql_arc,StochasticGridWorld,65,0.9105000000000001,0.03323777970924051,1.0,20
ql_arc,StochasticGridWorld,66,0.9065000000000001,0.029711109033491147,1.0,20
ql_arc,StochasticGridWorld,67,0.8145,0.18661390623423543,1.0,20
ql_arc,StochasticGridWorld,68,0.876,0.11909659944767523,1.0,20
ql_arc,StochasticGridWorld,69,0.8659999999999999,0.10744300814850635,1.0,20
ql_arc,StochasticGridWorld,70,0.8515,0.1681152878235647,1.0,20
ql_arc,StochasticGridWorld,71,0.8469999999999999,0.2267619897601889,1.0,20
ql_arc,StochasticGridWorld,72,0.8800000000000001,0.10821275340735029,1.0,20
ql_arc,StochasticGridWorld,73,0.8035,0.19965658015702867,1.0,20
ql_arc,StochasticGridWorld,74,0.857,0.1418485107429754,1.0,20
ql_arc,StochasticGridWorld,75,0.9045,0.017168284713389378,1.0,20
ql_arc,StochasticGridWorld,76,0.853,0.14923471446014167,1.0,20
ql_arc,StochasticGridWorld,77,0.8844999999999998,0.1179607985730853,1.0,20
ql_arc,StochasticGridWorld,78,0.9105000000000001,0.021788758569500907,1.0,20
ql_arc,StochasticGridWorld,79,0.8594999999999999,0.14602996267889684,1.0,20
ql_arc,StochasticGridWorld,80,0.8560000000000001,0.1616292052817188,1.0,20
ql_arc,StochasticGridWorld,81,0.8554999999999999,0.17098172416957316,1.0,20
ql_arc,StochasticGridWorld,82,0.9055,0.031060424980994688,1.0,20
ql_arc,StochasticGridWorld,83,0.881,0.10811567878897121,1.0,20
ql_arc,StochasticGridWorld,84,0.8300000000000001,0.23874672772626646,1.0,20
ql_arc,StochasticGridWorld,85,0.8215,0.2392963643685378,1.0,20
ql_arc,StochasticGridWorld,86,0.851,0.1664001201922643,1.0,20
ql_arc,StochasticGridWorld,87,0.829,0.1841982627496796,1.0,20
ql_arc,StochasticGridWorld,88,0.8744999999999999,0.1161238562914615,1.0,20
ql_arc,StochasticGridWorld,89,0.8665,0.1075302283081367,1.0,20
ql_arc,StochasticGridWorld,90,0.8795,0.1208087331280318,1.0,20
ql_arc,StochasticGridWorld,91,0.8495000000000001,0.16527174592167898,1.0,20
ql_arc,StochasticGridWorld,92,0.8770000000000001,0.12292680749128726,1.0,20
ql_arc,StochasticGridWorld,93,0.8549999999999999,0.14284607099952032,1.0,20
ql_arc,StochasticGridWorld,94,0.8305,0.19145430264164867,1.0,20
ql_arc,StochasticGridWorld,95,0.857,0.15865371095565337,1.0,20
ql_arc,StochasticGridWorld,96,0.8874999999999998,0.10544548354481571,1.0,20
ql_arc,StochasticGridWorld,97,0.8705,0.12483889618223964,1.0,20
ql_arc,StochasticGridWorld,98,0.8525,0.22214578546531105,1.0,20
ql_arc,StochasticGridWorld,99,0.8535,0.15499274176554204,1.0,20
ql_arc,StochasticGridWorld,100,0.9075,0.020706279240848634,1.0,20
ql_arc,StochasticGridWorld,101,0.8104999999999999,0.25771059349588255,1.0,20
ql_arc,StochasticGridWorld,102,0.874,0.11240106761058813,1.0,20
ql_arc,StochasticGridWorld,103,0.8714999999999999,0.11555409988399376,1.0,20
ql_arc,StochasticGridWorld,104,0.8554999999999999,0.16448328182523597,1.0,20
ql_arc,StochasticGridWorld,105,0.825,0.3213953951132469,1.0,20
ql_arc,StochasticGridWorld,106,0.8699999999999999,0.11597413504743202,1.0,20
ql_arc,StochasticGridWorld,107,0.8610000000000001,0.1516871781001941,1.0,20
ql_arc,StochasticGridWorld,108,0.885,0.11625403218813532,1.0,20
ql_arc,StochasticGridWorld,109,0.9049999999999999,0.020856653614614192,1.0,20
ql_arc,StochasticGridWorld,110,0.9115,0.019817921182606394,1.0,20
ql_arc,StochasticGridWorld,111,0.8535,0.17701059290336274,1.0,20
ql_arc,StochasticGridWorld,112,0.8469999999999999,0.1536912489376022,1.0,20
ql_arc,StochasticGridWorld,113,0.906,0.025179356624028326,1.0,20
ql_arc,StochasticGridWorld,114,0.8085000000000001,0.2569294650288285,1.0,20
ql_arc,StochasticGridWorld,115,0.8765000000000001,0.11722947581559856,1.0,20
ql_arc,StochasticGridWorld,116,0.8619999999999999,0.1483104851316993,1.0,20
ql_arc,StochasticGridWorld,117,0.8770000000000001,0.11900000000000001,1.0,20
ql_arc,StochasticGridWorld,118,0.8260000000000002,0.17036431551237485,1.0,20
ql_arc,StochasticGridWorld,119,0.907,0.02027313493271328,1.0,20
ql_arc,StochasticGridWorld,120,0.883,0.12186467905016612,1.0,20
ql_arc,StochasticGridWorld,121,0.8775000000000001,0.11286607107541222,1.0,20
ql_arc,StochasticGridWorld,122,0.8799999999999999,0.12577758146824103,1.0,20
ql_arc,StochasticGridWorld,123,0.8815000000000002,0.10417653286609226,1.0,20
ql_arc,StochasticGridWorld,124,0.8554999999999999,0.1440303787400422,1.0,20
ql_arc,StochasticGridWorld,125,0.7989999999999998,0.3142117120668802,1.0,20
ql_arc,StochasticGridWorld,126,0.8595,0.14688345720332158,1.0,20
ql_arc,StochasticGridWorld,127,0.8815,0.1190073527140235,1.0,20
ql_arc,StochasticGridWorld,128,0.8220000000000001,0.17588632692736522,1.0,20
ql_arc,StochasticGridWorld,129,0.8539999999999999,0.1536359332968691,1.0,20
ql_arc,StochasticGridWorld,130,0.9065,0.022863726730347332,1.0,20
ql_arc,StochasticGridWorld,131,0.8545,0.15960811382884016,1.0,20
ql_arc,StochasticGridWorld,132,0.876,0.12463546846704594,1.0,20
ql_arc,StochasticGridWorld,133,0.8090000000000002,0.19480503073586167,1.0,20
ql_arc,StochasticGridWorld,134,0.9020000000000001,0.029933259094191526,1.0,20
ql_arc,StochasticGridWorld,135,0.8784999999999998,0.11722947581559852,1.0,20
ql_arc,StochasticGridWorld,136,0.8375,0.16666958330781298,1.0,20
ql_arc,StochasticGridWorld,137,0.8605,0.14661087954173116,1.0,20
ql_arc,StochasticGridWorld,138,0.8115,0.26046640858275755,1.0,20
ql_arc,StochasticGridWorld,139,0.8345,0.24648478654878483,1.0,20
ql_arc,StochasticGridWorld,140,0.7230000000000001,0.3323116007604911,1.0,20
ql_arc,StochasticGridWorld,141,0.875,0.11655470818461176,1.0,20
ql_arc,StochasticGridWorld,142,0.7785,0.4821853896583761,1.0,20
ql_arc,StochasticGridWorld,143,0.8125,0.20346682776315164,1.0,20
ql_arc,StochasticGridWorld,144,0.8805000000000002,0.10351207659012547,1.0,20
ql_arc,StochasticGridWorld,145,0.868,0.11677328461596,1.0,20
ql_arc,StochasticGridWorld,146,0.8705,0.11939325776608993,1.0,20
ql_arc,StochasticGridWorld,147,0.7955000000000001,0.27181749391825394,1.0,20
ql_arc,StochasticGridWorld,148,0.906,0.017999999999999988,1.0,20
ql_arc,StochasticGridWorld,149,0.8785000000000002,0.114598211155323,1.0,20
ql_arc,StochasticGridWorld,150,0.8554999999999998,0.1610737408766556,1.0,20
ql_arc,StochasticGridWorld,151,0.8735000000000002,0.11833321596238312,1.0,20
ql_arc,StochasticGridWorld,152,0.8759999999999998,0.10841586599755593,1.0,20
ql_arc,StochasticGridWorld,153,0.8870000000000001,0.11713667231059625,1.0,20
ql_arc,StochasticGridWorld,154,0.9059999999999999,0.022671568097509254,1.0,20
ql_arc,StochasticGridWorld,155,0.8835000000000001,0.11722947581559856,1.0,20
ql_arc,StochasticGridWorld,156,0.829,0.23553980555311668,1.0,20
ql_arc,StochasticGridWorld,157,0.8785000000000001,0.117909923246519,1.0,20
ql_arc,StochasticGridWorld,158,0.8995000000000001,0.03827205246651923,1.0,20
ql_arc,StochasticGridWorld,159,0.908,0.025416530054277655,1.0,20
ql_arc,StochasticGridWorld,160,0.8724999999999999,0.11040267206911256,1.0,20
ql_arc,StochasticGridWorld,161,0.8844999999999998,0.10910889056351002,1.0,20
ql_arc,StochasticGridWorld,162,0.8875,0.1055876413222684,1.0,20
ql_arc,StochasticGridWorld,163,0.8099999999999999,0.26668333281253254,1.0,20
ql_arc,StochasticGridWorld,164,0.851,0.22189862550272818,1.0,20
ql_arc,StochasticGridWorld,165,0.8525,0.15378150083803968,1.0,20
ql_arc,StochasticGridWorld,166,0.8135,0.20115354831570834,1.0,20
ql_arc,StochasticGridWorld,167,0.9,0.032403703492039304,1.0,20
ql_arc,StochasticGridWorld,168,0.876,0.10988175462741757,1.0,20
ql_arc,StochasticGridWorld,169,0.806,0.2045091684986275,1.0,20
ql_arc,StochasticGridWorld,170,0.835,0.17399712641305318,1.0,20
ql_arc,StochasticGridWorld,171,0.8845000000000001,0.11006702503474872,1.0,20
ql_arc,StochasticGridWorld,172,0.8275,0.17535321496910175,1.0,20
ql_arc,StochasticGridWorld,173,0.9045,0.01883480820183735,1.0,20
ql_arc,StochasticGridWorld,174,0.8205,0.19489676754630905,1.0,20
ql_arc,StochasticGridWorld,175,0.9075000000000001,0.028084693339967232,1.0,20
ql_arc,StochasticGridWorld,176,0.8495000000000001,0.1522653933104959,1.0,20
ql_arc,StochasticGridWorld,177,0.8560000000000001,0.14266744548074028,1.0,20
ql_arc,StochasticGridWorld,178,0.9045,0.02459166525471586,1.0,20
ql_arc,StochasticGridWorld,179,0.8740000000000002,0.1348480626483006,1.0,20
ql_arc,StochasticGridWorld,180,0.9129999999999999,0.021931712199461283,1.0,20
ql_arc,StochasticGridWorld,181,0.8099999999999999,0.2036909423612155,1.0,20
ql_arc,StochasticGridWorld,182,0.9029999999999999,0.03579106033634657,1.0,20
ql_arc,StochasticGridWorld,183,0.8545,0.15282260958379165,1.0,20
ql_arc,StochasticGridWorld,184,0.8780000000000001,0.11851582172857768,1.0,20
ql_arc,StochasticGridWorld,185,0.821,0.17759222955974174,1.0,20
ql_arc,StochasticGridWorld,186,0.8575000000000002,0.23220411279734046,1.0,20
ql_arc,StochasticGridWorld,187,0.89,0.10913294644606643,1.0,20
ql_arc,StochasticGridWorld,188,0.8319999999999999,0.179627392120467,1.0,20
ql_arc,StochasticGridWorld,189,0.8299999999999998,0.33318163214679175,1.0,20
ql_arc,StochasticGridWorld,190,0.8585,0.14957523190689026,1.0,20
ql_arc,StochasticGridWorld,191,0.8385,0.1795348155651154,1.0,20
ql_arc,StochasticGridWorld,192,0.8844999999999998,0.11106191966646355,1.0,20
ql_arc,StochasticGridWorld,193,0.8744999999999999,0.11538955758646446,1.0,20
ql_arc,StochasticGridWorld,194,0.861,0.15345683432157722,1.0,20
ql_arc,StochasticGridWorld,195,0.853,0.15566309774638307,1.0,20
ql_arc,StochasticGridWorld,196,0.8560000000000001,0.15370100845472684,1.0,20
ql_arc,StochasticGridWorld,197,0.843,0.15678328992593568,1.0,20
ql_arc,StochasticGridWorld,198,0.834,0.1894835085172322,1.0,20
ql_arc,StochasticGridWorld,199,0.874,0.15720687007888684,1.0,20
ql_baseline,ChangingGoalGridWorld,0,-4.380999999999989,0.40702456928298536,0.0,20
ql_baseline,ChangingGoalGridWorld,1,-0.06850000000000026,0.4000284364892077,1.0,20
ql_baseline,ChangingGoalGridWorld,2,0.23699999999999974,0.64022730338529,0.95,20
ql_baseline,ChangingGoalGridWorld,3,-0.03800000000000031,0.8496975932648041,0.8,20
ql_baseline,ChangingGoalGridWorld,4,0.35299999999999987,0.349286415424362,1.0,20
ql_baseline,ChangingGoalGridWorld,5,0.6535,0.18382804465042873,1.0,20
ql_baseline,ChangingGoalGridWorld,6,0.4974999999999998,0.33218782337707703,1.0,20
ql_baseline,ChangingGoalGridWorld,7,0.5164999999999998,0.2832185551830954,1.0,20
ql_baseline,ChangingGoalGridWorld,8,0.6075,0.23194557551287764,1.0,20
ql_baseline,ChangingGoalGridWorld,9,0.6899999999999998,0.1934166487146337,1.0,20
ql_baseline,ChangingGoalGridWorld,10,0.6679999999999999,0.2549823523305094,1.0,20
ql_baseline,ChangingGoalGridWorld,11,0.6369999999999999,0.17387064157010526,1.0,20
ql_baseline,ChangingGoalGridWorld,12,0.7509999999999999,0.21044951888754704,1.0,20
ql_baseline,ChangingGoalGridWorld,13,0.6990000000000001,0.1901289036417136,1.0,20
ql_baseline,ChangingGoalGridWorld,14,0.7369999999999999,0.1379528905097679,1.0,20
ql_baseline,ChangingGoalGridWorld,15,0.8015000000000001,0.1215020575957461,1.0,20
ql_baseline,ChangingGoalGridWorld,16,0.7595000000000001,0.29679075120360476,1.0,20
ql_baseline,ChangingGoalGridWorld,17,0.8004999999999999,0.15477322119798378,1.0,20
ql_baseline,ChangingGoalGridWorld,18,0.7604999999999998,0.1868013650913719,1.0,20
ql_baseline,ChangingGoalGridWorld,19,0.807,0.1293097057455472,1.0,20
ql_baseline,ChangingGoalGridWorld,20,0.861,0.1177242540855537,1.0,20
ql_baseline,ChangingGoalGridWorld,21,0.8440000000000001,0.1337310734272331,1.0,20
ql_baseline,ChangingGoalGridWorld,22,0.8535,0.05516112761719074,1.0,20
ql_baseline,ChangingGoalGridWorld,23,0.867,0.05916924876994808,1.0,20
ql_baseline,ChangingGoalGridWorld,24,0.875,0.05084289527554466,1.0,20
ql_baseline,ChangingGoalGridWorld,25,0.8085000000000001,0.20618620225417608,1.0,20
ql_baseline,ChangingGoalGridWorld,26,0.8835,0.04508602887813476,1.0,20
ql_baseline,ChangingGoalGridWorld,27,0.8895000000000002,0.03247691487810997,1.0,20
ql_baseline,ChangingGoalGridWorld,28,0.9040000000000001,0.02083266665599965,1.0,20
ql_baseline,ChangingGoalGridWorld,29,0.9109999999999999,0.025278449319529064,1.0,20
ql_baseline,ChangingGoalGridWorld,30,0.898,0.02638181191654584,1.0,20
ql_baseline,ChangingGoalGridWorld,31,-0.7575000000000005,0.7291699047547151,0.15,20
ql_baseline,ChangingGoalGridWorld,32,-0.9550000000000006,0.4457633901522199,0.05,20
ql_baseline,ChangingGoalGridWorld,33,-0.8065000000000004,0.5805538304067936,0.1,20
ql_baseline,ChangingGoalGridWorld,34,-0.7075000000000005,0.6962964526694074,0.15,20
ql_baseline,ChangingGoalGridWorld,35,-0.9510000000000005,0.4875438441822439,0.05,20
ql_baseline,ChangingGoalGridWorld,36,-0.9525000000000006,0.45606879963444125,0.05,20
ql_baseline,ChangingGoalGridWorld,37,-1.0245000000000006,0.1067930241167465,0.0,20
ql_baseline,ChangingGoalGridWorld,38,-1.0245000000000006,0.1067930241167465,0.0,20
ql_baseline,ChangingGoalGridWorld,39,-0.9520000000000006,0.4581331684128536,0.05,20
ql_baseline,ChangingGoalGridWorld,40,-1.0490000000000008,0.147,0.0,20
ql_baseline,ChangingGoalGridWorld,41,-1.0735000000000006,0.17496499649929984,0.0,20
ql_baseline,ChangingGoalGridWorld,42,-1.2205000000000006,0.32778765992636144,0.0,20
ql_baseline,ChangingGoalGridWorld,43,-1.1715000000000004,0.28041531698536015,0.0,20
ql_baseline,ChangingGoalGridWorld,44,-1.0490000000000006,0.147,0.0,20
ql_baseline,ChangingGoalGridWorld,45,-1.098,0.332334169173136,0.0,20
ql_baseline,ChangingGoalGridWorld,46,-1.0245000000000006,0.1067930241167465,0.0,20
ql_baseline,ChangingGoalGridWorld,47,-0.9025000000000005,0.4249926469952158,0.05,20
ql_baseline,ChangingGoalGridWorld,48,-1.0245000000000006,0.10679302411674654,0.0,20
ql_baseline,ChangingGoalGridWorld,49,-1.0010000000000006,0.5101068515517118,0.05,20
ql_baseline,ChangingGoalGridWorld,50,-1.0000000000000004,2.220446049250313e-16,0.0,20
ql_baseline,ChangingGoalGridWorld,51,-1.0000000000000004,2.220446049250313e-16,0.0,20
ql_baseline,ChangingGoalGridWorld,52,-1.1225000000000007,0.2121762239271875,0.0,20
ql_baseline,ChangingGoalGridWorld,53,-1.0980000000000003,0.29400000000000004,0.0,20
ql_baseline,ChangingGoalGridWorld,54,-1.0490000000000006,0.147,0.0,20
ql_baseline,ChangingGoalGridWorld,55,-1.0735000000000006,0.17496499649929984,0.0,20
ql_baseline,ChangingGoalGridWorld,56,-1.0940000000000007,0.30239708993308784,0.05,20
ql_baseline,ChangingGoalGridWorld,57,-0.8900000000000006,0.6007828226572396,0.1,20
ql_baseline,ChangingGoalGridWorld,58,-0.7900000000000003,0.8156285919461134,0.2,20
ql_baseline,ChangingGoalGridWorld,59,-0.9625000000000007,0.6411620310030844,0.1,20
ql_baseline,ChangingGoalGridWorld,60,-1.0075000000000005,0.39367340524856403,0.1,20
ql_baseline,ChangingGoalGridWorld,61,-0.9450000000000006,0.6293448974926231,0.1,20
ql_baseline,ChangingGoalGridWorld,62,-0.8710000000000004,0.7046197556129123,0.15,20
ql_baseline,ChangingGoalGridWorld,63,-0.8510000000000005,0.8188461393937205,0.2,20
ql_baseline,ChangingGoalGridWorld,64,-1.1440000000000001,0.9295073964202755,0.15,20
ql_baseline,ChangingGoalGridWorld,65,-0.8705000000000005,0.9364853175570883,0.2,20
ql_baseline,ChangingGoalGridWorld,66,-0.5095000000000004,0.8578722224200993,0.35,20
ql_baseline,ChangingGoalGridWorld,67,-0.27900000000000036,1.1080518940916082,0.5,20
ql_baseline,ChangingGoalGridWorld,68,-0.20350000000000032,1.149327085733213,0.5,20
ql_baseline,ChangingGoalGridWorld,69,-0.13850000000000035,1.0987459897537741,0.55,20
ql_baseline,ChangingGoalGridWorld,70,-0.07550000000000032,1.1204306091855936,0.6,20
ql_baseline,ChangingGoalGridWorld,71,-0.006500000000000272,1.1900683803882872,0.65,20
ql_baseline,ChangingGoalGridWorld,72,0.3189999999999998,1.0198769533625125,0.75,20
ql_baseline,ChangingGoalGridWorld,73,0.4464999999999998,0.8628515225692079,0.8,20
ql_baseline,ChangingGoalGridWorld,74,0.4039999999999998,0.91025490935232,0.8,20
ql_baseline,ChangingGoalGridWorld,75,0.6399999999999999,0.7231182475916372,0.9,20
ql_baseline,ChangingGoalGridWorld,76,0.7004999999999998,0.5851621570129089,0.9,20
ql_baseline,ChangingGoalGridWorld,77,0.7329999999999999,0.5801215389898915,0.9,20
ql_baseline,ChangingGoalGridWorld,78,0.6874999999999999,0.5869316399718115,0.9,20
ql_baseline,ChangingGoalGridWorld,79,0.7429999999999999,0.5813183293170793,0.9,20
ql_baseline,ChangingGoalGridWorld,80,0.8219999999999998,0.42818921051329645,0.95,20
ql_baseline,ChangingGoalGridWorld,81,0.8609999999999998,0.2709040420517938,1.0,20
ql_baseline,ChangingGoalGridWorld,82,0.8484999999999999,0.2968210740496707,1.0,20
ql_baseline,ChangingGoalGridWorld,83,0.9434999999999999,0.011947803145348504,1.0,20
ql_baseline,ChangingGoalGridWorld,84,0.9315,0.07164321321660554,1.0,20
ql_baseline,ChangingGoalGridWorld,85,0.9439999999999997,0.013190905958272901,1.0,20
ql_baseline,ChangingGoalGridWorld,86,0.8239999999999998,0.5309180727758288,0.95,20
ql_baseline,ChangingGoalGridWorld,87,0.8279999999999997,0.3537315366206413,1.0,20
ql_baseline,ChangingGoalGridWorld,88,0.9029999999999998,0.19578304318811687,1.0,20
ql_baseline,ChangingGoalGridWorld,89,0.9259999999999998,0.062401923047290773,1.0,20
ql_baseline,ChangingGoalGridWorld,90,0.9069999999999998,0.17378434912269866,1.0,20
ql_baseline,ChangingGoalGridWorld,91,0.9444999999999999,0.0086458082328953,1.0,20
ql_baseline,ChangingGoalGridWorld,92,0.9494999999999999,0.002179449471770339,1.0,20
ql_baseline,ChangingGoalGridWorld,93,0.9455,0.007399324293474377,1.0,20
ql_baseline,ChangingGoalGridWorld,94,0.9244999999999999,0.06909956584523524,1.0,20
ql_baseline,ChangingGoalGridWorld,95,0.9164999999999999,0.134657899879658,1.0,20
ql_baseline,ChangingGoalGridWorld,96,0.9464999999999998,0.007262919523166982,1.0,20
ql_baseline,ChangingGoalGridWorld,97,0.9189999999999998,0.12381033882515628,1.0,20
ql_baseline,ChangingGoalGridWorld,98,0.9489999999999998,0.0030000000000000022,1.0,20
ql_baseline,ChangingGoalGridWorld,99,-0.9080000000000006,0.40101870280574214,0.05,20
ql_baseline,ChangingGoalGridWorld,100,-0.6995000000000005,0.6194390607638497,0.2,20
ql_baseline,ChangingGoalGridWorld,101,-1.0000000000000004,2.220446049250313e-16,0.0,20
ql_baseline,ChangingGoalGridWorld,102,-0.7790000000000006,0.5379488823299108,0.15,20
ql_baseline,ChangingGoalGridWorld,103,-1.0000000000000004,2.220446049250313e-16,0.0,20
ql_baseline,ChangingGoalGridWorld,104,-0.8530000000000004,0.5373276467854601,0.1,20
ql_baseline,ChangingGoalGridWorld,105,-1.0000000000000004,2.220446049250313e-16,0.0,20
ql_baseline,ChangingGoalGridWorld,106,-1.0030000000000006,0.5726176734960249,0.1,20
ql_baseline,ChangingGoalGridWorld,107,-1.1225000000000005,0.30502254015072394,0.0,20
ql_baseline,ChangingGoalGridWorld,108,-1.0035000000000005,0.44992527157295803,0.1,20
ql_baseline,ChangingGoalGridWorld,109,-0.8380000000000004,0.6272208542451376,0.2,20
ql_baseline,ChangingGoalGridWorld,110,-0.9855000000000004,0.43667465005424816,0.05,20
ql_baseline,ChangingGoalGridWorld,111,-1.0490000000000006,0.147,0.0,20
ql_baseline,ChangingGoalGridWorld,112,-0.9820000000000004,0.46847198422104186,0.1,20
ql_baseline,ChangingGoalGridWorld,113,-0.9555000000000007,0.5815451401224158,0.15,20
ql_baseline,ChangingGoalGridWorld,114,-1.1810000000000005,0.49116086977689866,0.05,20
ql_baseline,ChangingGoalGridWorld,115,-0.9710000000000004,0.4876156273131534,0.1,20
ql_baseline,ChangingGoalGridWorld,116,-1.1470000000000005,0.2728204537786711,0.0,20
ql_baseline,ChangingGoalGridWorld,117,-0.9820000000000005,0.2186458323407973,0.05,20
ql_baseline,ChangingGoalGridWorld,118,-1.0490000000000006,0.147,0.0,20
ql_baseline,ChangingGoalGridWorld,119,-0.8455000000000006,0.5554770472305766,0.1,20
ql_baseline,ChangingGoalGridWorld,120,-1.1470000000000005,0.2728204537786711,0.0,20
ql_baseline,ChangingGoalGridWorld,121,-0.9440000000000005,0.613248726048412,0.1,20
ql_baseline,ChangingGoalGridWorld,122,-1.0185000000000004,0.5606806131836556,0.1,20
ql_baseline,ChangingGoalGridWorld,123,-0.6825000000000006,0.632715378349539,0.25,20
ql_baseline,ChangingGoalGridWorld,124,-0.8940000000000005,0.503024850280779,0.1,20
ql_baseline,ChangingGoalGridWorld,125,-0.7580000000000002,0.7462479480708801,0.2,20
ql_baseline,ChangingGoalGridWorld,126,-0.4930000000000003,0.7217208601668657,0.35,20
ql_baseline,ChangingGoalGridWorld,127,-0.5215000000000004,0.7953067018452694,0.4,20
ql_baseline,ChangingGoalGridWorld,128,-0.4905000000000004,0.8310503895673236,0.4,20
ql_baseline,ChangingGoalGridWorld,129,-0.17550000000000043,0.8485427213758895,0.5,20
ql_baseline,ChangingGoalGridWorld,130,-0.17150000000000037,0.9579523735551787,0.5,20
ql_baseline,ChangingGoalGridWorld,131,-0.8760000000000006,0.5554853733447894,0.1,20
ql_baseline,ChangingGoalGridWorld,132,-1.0735000000000006,0.1749649964992998,0.0,20
ql_baseline,ChangingGoalGridWorld,133,-0.9425000000000006,0.3783896800918335,0.05,20
ql_baseline,ChangingGoalGridWorld,134,-0.9525000000000006,0.336791849663854,0.05,20
ql_baseline,ChangingGoalGridWorld,135,-0.7250000000000004,0.6566315557449248,0.25,20
ql_baseline,ChangingGoalGridWorld,136,-0.8250000000000005,0.6597688989335585,0.2,20
ql_baseline,ChangingGoalGridWorld,137,-0.7535000000000005,0.6688368635175548,0.2,20
ql_baseline,ChangingGoalGridWorld,138,-0.30450000000000055,0.8532143634515307,0.45,20
ql_baseline,ChangingGoalGridWorld,139,-0.5580000000000005,0.6335897726447297,0.35,20
ql_baseline,ChangingGoalGridWorld,140,-0.1400000000000004,0.8266619623522063,0.55,20
ql_baseline,ChangingGoalGridWorld,141,-0.38200000000000045,0.8245944457731936,0.4,20
ql_baseline,ChangingGoalGridWorld,142,0.15349999999999966,0.7633627905524348,0.75,20
ql_baseline,ChangingGoalGridWorld,143,0.3794999999999997,0.7220351445740022,0.8,20
ql_baseline,ChangingGoalGridWorld,144,0.2889999999999997,0.6966196953862274,0.8,20
ql_baseline,ChangingGoalGridWorld,145,0.32299999999999973,0.8239666255377097,0.8,20
ql_baseline,ChangingGoalGridWorld,146,0.5694999999999999,0.7126463007691828,0.9,20
ql_baseline,ChangingGoalGridWorld,147,0.5899999999999999,0.6122009474020766,0.9,20
ql_baseline,ChangingGoalGridWorld,148,0.5849999999999999,0.6233097143475307,0.9,20
ql_baseline,ChangingGoalGridWorld,149,0.6719999999999999,0.5846246659182285,0.9,20
ql_baseline,ChangingGoalGridWorld,150,0.7789999999999998,0.45193915519680317,0.95,20
ql_baseline,ChangingGoalGridWorld,151,0.6815,0.6002105880438967,0.9,20
ql_baseline,ChangingGoalGridWorld,152,0.8229999999999998,0.4453773680823938,0.95,20
ql_baseline,ChangingGoalGridWorld,153,0.826,0.43189582077163013,0.95,20
ql_baseline,ChangingGoalGridWorld,154,0.8304999999999998,0.4487479804968487,0.95,20
ql_baseline,ChangingGoalGridWorld,155,0.8435,0.4305029035906728,0.95,20
ql_baseline,ChangingGoalGridWorld,156,0.8480000000000001,0.4327077535704671,0.95,20
ql_baseline,ChangingGoalGridWorld,157,0.8414999999999999,0.43355824291552814,0.95,20
ql_baseline,ChangingGoalGridWorld,158,0.8355,0.4493047406827577,0.95,20
ql_baseline,ChangingGoalGridWorld,159,0.755,0.5899110102379852,0.9,20
ql_baseline,ChangingGoalGridWorld,160,0.7275,0.5888197941645646,0.9,20
ql_baseline,ChangingGoalGridWorld,161,0.858,0.4282475919371878,0.95,20
ql_baseline,ChangingGoalGridWorld,162,0.8559999999999999,0.33477455100410497,1.0,20
ql_baseline,ChangingGoalGridWorld,163,0.9239999999999998,0.15803164240113443,1.0,20
ql_baseline,ChangingGoalGridWorld,164,-1.052000000000001,0.5232934167367291,0.05,20
ql_baseline,ChangingGoalGridWorld,165,-1.1515000000000006,0.5440153950027519,0.05,20
ql_baseline,ChangingGoalGridWorld,166,-1.0665000000000007,0.44408642176945706,0.05,20
ql_baseline,ChangingGoalGridWorld,167,-1.0370000000000004,0.6173337832971724,0.1,20
ql_baseline,ChangingGoalGridWorld,168,-1.0395000000000005,0.5337272243384257,0.1,20
ql_baseline,ChangingGoalGridWorld,169,-0.9340000000000007,0.7009807415328899,0.15,20
ql_baseline,ChangingGoalGridWorld,170,-0.9550000000000004,0.6639465339920076,0.15,20
ql_baseline,ChangingGoalGridWorld,171,-0.9675000000000005,0.7417403521448728,0.15,20
ql_baseline,ChangingGoalGridWorld,172,-0.9360000000000006,0.6357468049467494,0.1,20
ql_baseline,ChangingGoalGridWorld,173,-0.7390000000000003,0.8964089468540575,0.25,20
ql_baseline,ChangingGoalGridWorld,174,-0.9050000000000005,0.6486640116423912,0.15,20
ql_baseline,ChangingGoalGridWorld,175,-1.0485000000000007,0.5323370642741309,0.1,20
ql_baseline,ChangingGoalGridWorld,176,-0.9115000000000005,0.5699760959899987,0.1,20
ql_baseline,ChangingGoalGridWorld,177,-1.1475000000000006,0.6003738418685479,0.05,20
ql_baseline,ChangingGoalGridWorld,178,-0.9015000000000006,0.7797966080972656,0.2,20
ql_baseline,ChangingGoalGridWorld,179,-0.9330000000000005,0.5698956044750654,0.1,20
ql_baseline,ChangingGoalGridWorld,180,-0.8435000000000006,0.7453205686146065,0.15,20
ql_baseline,ChangingGoalGridWorld,181,-0.8590000000000005,0.5241459720345089,0.1,20
ql_baseline,ChangingGoalGridWorld,182,-0.7685000000000004,0.7600544388397453,0.25,20
ql_baseline,ChangingGoalGridWorld,183,-0.9475000000000007,0.6257225822998561,0.1,20
ql_baseline,ChangingGoalGridWorld,184,-0.9475000000000005,0.6327785947707146,0.15,20
ql_baseline,ChangingGoalGridWorld,185,-0.5885000000000005,0.8891696969645335,0.3,20
ql_baseline,ChangingGoalGridWorld,186,-0.6175000000000005,0.6784679432368196,0.25,20
ql_baseline,ChangingGoalGridWorld,187,-0.4890000000000005,0.8548561282461514,0.35,20
ql_baseline,ChangingGoalGridWorld,188,-0.5385000000000005,0.7724524257195393,0.35,20
ql_baseline,ChangingGoalGridWorld,189,-0.2945000000000004,0.9496498038750919,0.5,20
ql_baseline,ChangingGoalGridWorld,190,-0.2635000000000004,0.9386068133142869,0.5,20
ql_baseline,ChangingGoalGridWorld,191,0.29349999999999976,0.7423696855341012,0.8,20
ql_baseline,ChangingGoalGridWorld,192,0.044999999999999665,0.8712950131843981,0.65,20
ql_baseline,ChangingGoalGridWorld,193,0.46499999999999986,0.7018796193080409,0.85,20
ql_baseline,ChangingGoalGridWorld,194,0.691,0.3299227182235259,1.0,20
ql_baseline,ChangingGoalGridWorld,195,0.7064999999999999,0.44482889969065653,0.95,20
ql_baseline,ChangingGoalGridWorld,196,0.7535000000000001,0.43596186759853217,0.95,20
ql_baseline,ChangingGoalGridWorld,197,0.7585,0.2612139927339269,1.0,20
ql_baseline,ChangingGoalGridWorld,198,0.8809999999999999,0.10525682875709301,1.0,20
ql_baseline,ChangingGoalGridWorld,199,-0.9415000000000007,0.38257384908014824,0.05,20
ql_arc,ChangingGoalGridWorld,0,-4.12699999999999,0.9458017762723846,0.2,20
ql_arc,ChangingGoalGridWorld,1,-0.1554999999999999,0.8207099061178675,1.0,20
ql_arc,ChangingGoalGridWorld,2,0.3814999999999998,0.6136715326622216,0.95,20
ql_arc,ChangingGoalGridWorld,3,0.2429999999999998,0.5495825688647704,0.95,20
ql_arc,ChangingGoalGridWorld,4,0.3304999999999998,0.43059813051150153,0.95,20
ql_arc,ChangingGoalGridWorld,5,0.4634999999999998,0.4393321636302083,1.0,20
ql_arc,ChangingGoalGridWorld,6,0.47799999999999987,0.4958689342961506,0.95,20
ql_arc,ChangingGoalGridWorld,7,0.595,0.20517066067057446,1.0,20
ql_arc,ChangingGoalGridWorld,8,0.5809999999999998,0.2637593600234882,1.0,20
ql_arc,ChangingGoalGridWorld,9,0.6149999999999998,0.2211221381951613,1.0,20
ql_arc,ChangingGoalGridWorld,10,0.6879999999999998,0.2748017467193396,1.0,20
ql_arc,ChangingGoalGridWorld,11,0.6369999999999999,0.2539507826331709,1.0,20
ql_arc,ChangingGoalGridWorld,12,0.7634999999999998,0.12981814202953304,1.0,20
ql_arc,ChangingGoalGridWorld,13,0.7839999999999999,0.09243376006633078,1.0,20
ql_arc,ChangingGoalGridWorld,14,0.6490000000000001,0.23564592082189756,1.0,20
ql_arc,ChangingGoalGridWorld,15,0.783,0.12410076550932313,1.0,20
ql_arc,ChangingGoalGridWorld,16,0.786,0.13089690599857584,1.0,20
ql_arc,ChangingGoalGridWorld,17,0.7809999999999999,0.1917263675137043,1.0,20
ql_arc,ChangingGoalGridWorld,18,0.836,0.07102112361825882,1.0,20
ql_arc,ChangingGoalGridWorld,19,0.8245000000000001,0.11698183619690712,1.0,20
ql_arc,ChangingGoalGridWorld,20,0.7950000000000002,0.16243460222501857,1.0,20
ql_arc,ChangingGoalGridWorld,21,0.7925,0.1783500770955819,1.0,20
ql_arc,ChangingGoalGridWorld,22,0.8245000000000001,0.12443773543423235,1.0,20
ql_arc,ChangingGoalGridWorld,23,0.845,0.11787705459503134,1.0,20
ql_arc,ChangingGoalGridWorld,24,0.8140000000000001,0.15853706191297987,1.0,20
ql_arc,ChangingGoalGridWorld,25,0.8435,0.11774018005761668,1.0,20
ql_arc,ChangingGoalGridWorld,26,0.8854999999999998,0.02333988003396762,1.0,20
ql_arc,ChangingGoalGridWorld,27,0.8685,0.1101487630434405,1.0,20
ql_arc,ChangingGoalGridWorld,28,0.818,0.25685793738952273,1.0,20
ql_arc,ChangingGoalGridWorld,29,0.8924999999999998,0.03329789783154487,1.0,20
ql_arc,ChangingGoalGridWorld,30,0.8540000000000001,0.15960576430693224,1.0,20
ql_arc,ChangingGoalGridWorld,31,-1.0490000000000006,0.14700000000000005,0.0,20
ql_arc,ChangingGoalGridWorld,32,-0.6435000000000004,0.7203421062245358,0.2,20
ql_arc,ChangingGoalGridWorld,33,-0.8770000000000004,0.637974137406839,0.1,20
ql_arc,ChangingGoalGridWorld,34,-0.9265000000000005,0.4457384322671763,0.05,20
ql_arc,ChangingGoalGridWorld,35,-0.7555000000000004,0.7338492692644726,0.15,20
ql_arc,ChangingGoalGridWorld,36,-0.9520000000000005,0.4581331684128536,0.05,20
ql_arc,ChangingGoalGridWorld,37,-0.9535000000000006,0.4519433039663273,0.05,20
ql_arc,ChangingGoalGridWorld,38,-0.9265000000000005,0.4457384322671763,0.05,20
ql_arc,ChangingGoalGridWorld,39,-1.0255000000000005,0.5436678673602111,0.05,20
ql_arc,ChangingGoalGridWorld,40,-0.8620000000000004,0.6160162335523311,0.1,20
ql_arc,ChangingGoalGridWorld,41,-1.1225000000000005,0.21217622392718752,0.0,20
ql_arc,ChangingGoalGridWorld,42,-1.0490000000000006,0.147,0.0,20
ql_arc,ChangingGoalGridWorld,43,-1.0485000000000004,0.5364072613229618,0.05,20
ql_arc,ChangingGoalGridWorld,44,-1.1960000000000006,0.36007499218912664,0.0,20
ql_arc,ChangingGoalGridWorld,45,-1.1225000000000005,0.26273322972170843,0.0,20
ql_arc,ChangingGoalGridWorld,46,-0.9075000000000006,0.37760925571283344,0.1,20
ql_arc,ChangingGoalGridWorld,47,-0.9340000000000005,0.4140700423841359,0.05,20
ql_arc,ChangingGoalGridWorld,48,-1.1060000000000005,0.5855288208107265,0.05,20
ql_arc,ChangingGoalGridWorld,49,-1.0980000000000005,0.196,0.0,20
ql_arc,ChangingGoalGridWorld,50,-1.3675,0.4869278694016174,0.0,20
ql_arc,ChangingGoalGridWorld,51,-1.0210000000000008,0.19811360377318873,0.05,20
ql_arc,ChangingGoalGridWorld,52,-1.0115000000000005,0.573264991081786,0.1,20
ql_arc,ChangingGoalGridWorld,53,-1.1715000000000004,0.28041531698536015,0.0,20
ql_arc,ChangingGoalGridWorld,54,-1.1285000000000003,0.4985606783531962,0.05,20
ql_arc,ChangingGoalGridWorld,55,-0.9275000000000005,0.6677864553882478,0.15,20
ql_arc,ChangingGoalGridWorld,56,-0.8115000000000006,0.6773497988484237,0.15,20
ql_arc,ChangingGoalGridWorld,57,-0.7555000000000004,0.6593138478751983,0.15,20
ql_arc,ChangingGoalGridWorld,58,-0.8705000000000005,0.6400818307060437,0.15,20
ql_arc,ChangingGoalGridWorld,59,-0.6895000000000004,0.7581653843324688,0.2,20
ql_arc,ChangingGoalGridWorld,60,-0.7860000000000004,0.8510017626303721,0.3,20
ql_arc,ChangingGoalGridWorld,61,-0.6505000000000003,0.9855783834885992,0.4,20
ql_arc,ChangingGoalGridWorld,62,-0.5470000000000004,1.0330784094152778,0.35,20
ql_arc,ChangingGoalGridWorld,63,-0.4610000000000004,0.9703344784145315,0.35,20
ql_arc,ChangingGoalGridWorld,64,-1.047499999999999,1.1985527731393373,0.3,20
ql_arc,ChangingGoalGridWorld,65,-1.0090000000000003,1.1414241104865448,0.25,20
ql_arc,ChangingGoalGridWorld,66,-0.8065000000000004,1.1079317442875263,0.3,20
ql_arc,ChangingGoalGridWorld,67,-0.5900000000000003,1.216552506059644,0.4,20
ql_arc,ChangingGoalGridWorld,68,-0.24350000000000036,1.0348636383601468,0.5,20
ql_arc,ChangingGoalGridWorld,69,-0.3825,1.1782736312079631,0.5,20
ql_arc,ChangingGoalGridWorld,70,-0.23400000000000037,1.1875664191951543,0.5,20
ql_arc,ChangingGoalGridWorld,71,-0.2865000000000003,1.2011672448081494,0.5,20
ql_arc,ChangingGoalGridWorld,72,-0.08500000000000028,1.1339995590828071,0.55,20
ql_arc,ChangingGoalGridWorld,73,0.08049999999999972,0.9915617731639319,0.65,20
ql_arc,ChangingGoalGridWorld,74,0.10900000000000018,1.1292028161495162,0.65,20
ql_arc,ChangingGoalGridWorld,75,0.1264999999999997,1.1031558140172224,0.65,20
ql_arc,ChangingGoalGridWorld,76,0.021499999999999984,1.1140299592021747,0.65,20
ql_arc,ChangingGoalGridWorld,77,0.13799999999999973,1.121416960813417,0.65,20
ql_arc,ChangingGoalGridWorld,78,0.2349999999999998,1.0094775876660167,0.7,20
ql_arc,ChangingGoalGridWorld,79,0.19500000000000012,1.1469982563195111,0.7,20
ql_arc,ChangingGoalGridWorld,80,0.39949999999999986,0.8804911981388573,0.75,20
ql_arc,ChangingGoalGridWorld,81,0.5374999999999998,0.7473812614723494,0.85,20
ql_arc,ChangingGoalGridWorld,82,0.6584999999999999,0.6660726311747092,0.9,20
ql_arc,ChangingGoalGridWorld,83,0.6644999999999999,0.696085303680519,0.9,20
ql_arc,ChangingGoalGridWorld,84,0.6549999999999998,0.7034237698571184,0.9,20
ql_arc,ChangingGoalGridWorld,85,0.7249999999999999,0.6612828441748662,0.9,20
ql_arc,ChangingGoalGridWorld,86,0.6219999999999998,0.8741944863701672,0.9,20
ql_arc,ChangingGoalGridWorld,87,0.7219999999999999,0.6603832220763943,0.9,20
ql_arc,ChangingGoalGridWorld,88,0.7204999999999998,0.6600717764001127,0.9,20
ql_arc,ChangingGoalGridWorld,89,0.7209999999999999,0.6602794862783488,0.9,20
ql_arc,ChangingGoalGridWorld,90,0.7119999999999997,0.6581230887911472,0.9,20
ql_arc,ChangingGoalGridWorld,91,0.6759999999999998,0.7465815427667631,0.9,20
ql_arc,ChangingGoalGridWorld,92,0.7524999999999998,0.574376836232103,0.95,20
ql_arc,ChangingGoalGridWorld,93,0.9045,0.1379664814366157,1.0,20
ql_arc,ChangingGoalGridWorld,94,0.8879999999999999,0.17154008277950675,1.0,20
ql_arc,ChangingGoalGridWorld,95,0.8684999999999998,0.19938091684010287,1.0,20
ql_arc,ChangingGoalGridWorld,96,0.9345000000000001,0.030244834269673213,1.0,20
ql_arc,ChangingGoalGridWorld,97,0.844,0.3093121400785946,1.0,20
ql_arc,ChangingGoalGridWorld,98,0.9410000000000001,0.01135781669160054,1.0,20
ql_arc,ChangingGoalGridWorld,99,-0.8730000000000004,0.5643146285539656,0.1,20
ql_arc,ChangingGoalGridWorld,100,-0.9590000000000007,0.3100467706653305,0.05,20
ql_arc,ChangingGoalGridWorld,101,-0.9040000000000006,0.3858678530274322,0.1,20
ql_arc,ChangingGoalGridWorld,102,-0.9065000000000005,0.3827567765566014,0.1,20
ql_arc,ChangingGoalGridWorld,103,-0.9075000000000004,0.4031981522775125,0.05,20
ql_arc,ChangingGoalGridWorld,104,-0.8875000000000005,0.539109218989993,0.15,20
ql_arc,ChangingGoalGridWorld,105,-0.9170000000000004,0.5238997995800344,0.1,20
ql_arc,ChangingGoalGridWorld,106,-0.9940000000000007,0.5624268841369517,0.1,20
ql_arc,ChangingGoalGridWorld,107,-1.1900000000000002,0.5371312688719576,0.05,20
ql_arc,ChangingGoalGridWorld,108,-0.8310000000000004,0.6254030700276424,0.2,20
ql_arc,ChangingGoalGridWorld,109,-0.8219999999999998,0.7597868122045806,0.2,20
ql_arc,ChangingGoalGridWorld,110,-0.7380000000000004,0.8065271229165206,0.3,20
ql_arc,ChangingGoalGridWorld,111,-0.5685000000000004,0.8878303610487763,0.35,20
ql_arc,ChangingGoalGridWorld,112,-0.9315000000000004,0.7275182128304419,0.15,20
ql_arc,ChangingGoalGridWorld,113,-0.5200000000000005,0.9144342513270162,0.35,20
ql_arc,ChangingGoalGridWorld,114,-0.6430000000000003,0.8111910995566953,0.25,20
ql_arc,ChangingGoalGridWorld,115,-0.7170000000000004,0.7860731518122219,0.25,20
ql_arc,ChangingGoalGridWorld,116,-0.6065000000000004,0.871419961901264,0.35,20
ql_arc,ChangingGoalGridWorld,117,-0.3645000000000004,0.9630289455670585,0.5,20
ql_arc,ChangingGoalGridWorld,118,-0.6275000000000001,0.9426127253543735,0.35,20
ql_arc,ChangingGoalGridWorld,119,-0.6860000000000005,0.843844772455219,0.3,20
ql_arc,ChangingGoalGridWorld,120,-0.7355000000000004,0.8534956063155804,0.25,20
ql_arc,ChangingGoalGridWorld,121,-0.8445000000000004,0.9289966361618327,0.2,20
ql_arc,ChangingGoalGridWorld,122,-0.6050000000000003,0.8646299786613927,0.3,20
ql_arc,ChangingGoalGridWorld,123,-0.5015000000000004,0.8664829773284645,0.35,20
ql_arc,ChangingGoalGridWorld,124,-0.3085000000000004,0.9528340621535318,0.5,20
ql_arc,ChangingGoalGridWorld,125,-0.38500000000000045,0.8617569262849012,0.45,20
ql_arc,ChangingGoalGridWorld,126,-0.422,0.9372118223752828,0.4,20
ql_arc,ChangingGoalGridWorld,127,-0.5600000000000003,0.993106238022902,0.35,20
ql_arc,ChangingGoalGridWorld,128,-0.39650000000000024,1.0474696892989315,0.4,20
ql_arc,ChangingGoalGridWorld,129,-0.22600000000000037,0.8754792972994853,0.5,20
ql_arc,ChangingGoalGridWorld,130,-0.3430000000000004,0.9292044984824387,0.45,20
ql_arc,ChangingGoalGridWorld,131,-0.9175000000000001,0.7011053772436774,0.15,20
ql_arc,ChangingGoalGridWorld,132,-0.7360000000000004,0.6928881583632386,0.2,20
ql_arc,ChangingGoalGridWorld,133,-0.9540000000000004,0.4758192934297643,0.05,20
ql_arc,ChangingGoalGridWorld,134,-0.9160000000000006,0.555512376099759,0.1,20
ql_arc,ChangingGoalGridWorld,135,-0.9350000000000005,0.595503988231817,0.15,20
ql_arc,ChangingGoalGridWorld,136,-0.8840000000000006,0.5614481276128722,0.1,20
ql_arc,ChangingGoalGridWorld,137,-0.9615000000000007,0.48369696091664677,0.1,20
ql_arc,ChangingGoalGridWorld,138,-0.7105000000000002,0.8296112041191342,0.2,20
ql_arc,ChangingGoalGridWorld,139,-0.7515000000000005,0.7167236217678333,0.2,20
ql_arc,ChangingGoalGridWorld,140,-0.5835000000000005,0.8515942402341624,0.25,20
ql_arc,ChangingGoalGridWorld,141,-0.5085000000000004,0.8742326635398614,0.3,20
ql_arc,ChangingGoalGridWorld,142,-0.7770000000000005,0.7878648361235576,0.2,20
ql_arc,ChangingGoalGridWorld,143,-0.6830000000000005,0.7726389842610845,0.2,20
ql_arc,ChangingGoalGridWorld,144,-0.6835000000000003,0.7684352607734762,0.25,20
ql_arc,ChangingGoalGridWorld,145,-0.5365000000000004,0.79068498784282,0.3,20
ql_arc,ChangingGoalGridWorld,146,-0.6460000000000005,0.8713919898644928,0.3,20
ql_arc,ChangingGoalGridWorld,147,-0.5195000000000005,0.8129973862196609,0.35,20
ql_arc,ChangingGoalGridWorld,148,-0.052500000000000366,0.9192109387947907,0.6,20
ql_arc,ChangingGoalGridWorld,149,-0.38800000000000046,0.9313248627627209,0.4,20
ql_arc,ChangingGoalGridWorld,150,-0.3855000000000005,0.9423028971620541,0.4,20
ql_arc,ChangingGoalGridWorld,151,-0.24650000000000044,0.9102487297436896,0.45,20
ql_arc,ChangingGoalGridWorld,152,-0.02950000000000036,0.8969920568210181,0.6,20
ql_arc,ChangingGoalGridWorld,153,-0.07950000000000035,0.9209531747054247,0.55,20
ql_arc,ChangingGoalGridWorld,154,0.02949999999999966,0.9211811711058799,0.6,20
ql_arc,ChangingGoalGridWorld,155,-0.1285000000000004,0.9157088784106008,0.55,20
ql_arc,ChangingGoalGridWorld,156,0.11099999999999977,0.9172725876204959,0.65,20
ql_arc,ChangingGoalGridWorld,157,0.17399999999999974,1.012375424435027,0.75,20
ql_arc,ChangingGoalGridWorld,158,0.3789999999999998,0.7894802087449694,0.8,20
ql_arc,ChangingGoalGridWorld,159,0.4594999999999999,0.7686317388710933,0.85,20
ql_arc,ChangingGoalGridWorld,160,0.21049999999999963,0.8923815047388648,0.7,20
ql_arc,ChangingGoalGridWorld,161,0.2619999999999997,0.8626795465293011,0.75,20
ql_arc,ChangingGoalGridWorld,162,0.44049999999999984,0.7534751157138506,0.8,20
ql_arc,ChangingGoalGridWorld,163,0.41149999999999987,0.8181336993425954,0.85,20
ql_arc,ChangingGoalGridWorld,164,-0.6520000000000004,0.9908561954188915,0.4,20
ql_arc,ChangingGoalGridWorld,165,-0.30450000000000016,1.182101835714673,0.55,20
ql_arc,ChangingGoalGridWorld,166,-0.2485000000000003,0.9875437964971476,0.55,20
ql_arc,ChangingGoalGridWorld,167,-0.41800000000000004,1.1129716977533612,0.45,20
ql_arc,ChangingGoalGridWorld,168,-0.4160000000000005,1.1505928906437763,0.45,20
ql_arc,ChangingGoalGridWorld,169,-0.2195000000000004,1.0265888904522593,0.45,20
ql_arc,ChangingGoalGridWorld,170,-0.5159999999999998,1.1790351987960321,0.4,20
ql_arc,ChangingGoalGridWorld,171,-0.4510000000000004,1.1562910533252433,0.4,20
ql_arc,ChangingGoalGridWorld,172,-0.37350000000000017,1.264611699297456,0.5,20
ql_arc,ChangingGoalGridWorld,173,-0.40450000000000036,1.2403728270161358,0.45,20
ql_arc,ChangingGoalGridWorld,174,-0.16100000000000037,1.098466658574579,0.5,20
ql_arc,ChangingGoalGridWorld,175,-0.3225000000000001,1.215454133235804,0.45,20
ql_arc,ChangingGoalGridWorld,176,-0.04550000000000031,1.0473465281367007,0.55,20
ql_arc,ChangingGoalGridWorld,177,-0.18450000000000033,1.1195109423315166,0.5,20
ql_arc,ChangingGoalGridWorld,178,-0.1300000000000003,1.1126365084788477,0.5,20
ql_arc,ChangingGoalGridWorld,179,-0.14250000000000035,1.0800133101031675,0.5,20
ql_arc,ChangingGoalGridWorld,180,-0.22850000000000037,1.0646702541162691,0.45,20
ql_arc,ChangingGoalGridWorld,181,-0.0425000000000003,1.0899030920224058,0.6,20
ql_arc,ChangingGoalGridWorld,182,0.028999999999999658,1.0758062093146705,0.6,20
ql_arc,ChangingGoalGridWorld,183,-0.1080000000000001,1.175111058581273,0.6,20
ql_arc,ChangingGoalGridWorld,184,-0.2060000000000004,1.093660824936141,0.5,20
ql_arc,ChangingGoalGridWorld,185,-0.13350000000000017,1.2167714452599552,0.6,20
ql_arc,ChangingGoalGridWorld,186,0.0599999999999997,1.043197009198167,0.6,20
ql_arc,ChangingGoalGridWorld,187,0.13749999999999976,1.0539775851506523,0.65,20
ql_arc,ChangingGoalGridWorld,188,0.16799999999999973,0.9657049238768542,0.65,20
ql_arc,ChangingGoalGridWorld,189,0.16799999999999976,1.0364149748049767,0.65,20
ql_arc,ChangingGoalGridWorld,190,0.34849999999999975,0.8766371826474167,0.75,20
ql_arc,ChangingGoalGridWorld,191,0.4049999999999997,0.8343530427822508,0.8,20
ql_arc,ChangingGoalGridWorld,192,0.37299999999999983,0.971555968537068,0.75,20
ql_arc,ChangingGoalGridWorld,193,0.14349999999999968,1.0312481515134952,0.65,20
ql_arc,ChangingGoalGridWorld,194,0.48549999999999977,0.7748449844968994,0.8,20
ql_arc,ChangingGoalGridWorld,195,0.6084999999999999,0.752557472888284,0.85,20
ql_arc,ChangingGoalGridWorld,196,0.3199999999999998,0.9524652224622169,0.8,20
ql_arc,ChangingGoalGridWorld,197,0.6635,0.6694047729139674,0.9,20
ql_arc,ChangingGoalGridWorld,198,0.6154999999999998,0.698601996847991,0.85,20
ql_arc,ChangingGoalGridWorld,199,-0.7695000000000004,0.6280802098458446,0.15,20
