t,pe,reward,u_exog,phi,g,p,i,s,v,a,mf,ms,u,ccog,cap,perf
0,0.22648274175113994,0.24478274870593494,0.2,0.8057481277784455,0.8836705106484795,0.7885875887373289,0.688,0.32958896450506836,0.6774792242481508,0.357972411262671,0.28128886673271386,0.20562577733465429,0.2,0.3863029664278696,0.43086538456943885,0.566235576884023
1,0.15452410941814468,0.15848719951589219,0.2,0.8717913745412527,1.0,0.8359933584935473,0.67636,0.35412068695753035,0.7948290264642597,0.4022524071122591,0.31124835773610104,0.21179448671602977,0.2,0.4929391484449897,0.5540351309014496,0.6709298612662321
2,0.21683991025035596,0.22359699890685233,0.2,0.9397233659694211,1.0,0.8719857755785907,0.6650691999999999,0.38177806439861345,0.9106382974490173,0.4536657732941996,0.3535672825298128,0.21874788749946572,0.2,0.5449746006275134,0.6177953724884062,0.7251260666151452
3,0.20357843211521767,0.18081364575891443,0.2,1.0,1.0,0.9081132790076292,0.6541171239999999,0.40794831871556114,1.0,0.5005192494467722,0.39858554982755623,0.22653211962102218,0.2,0.5940124463306798,0.6788266789025313,0.7770026770671515
4,0.198475533254277,0.2106801733640838,0.2,1.0,1.0,0.9431894830679731,0.6434936102799999,0.43315814274292874,1.0,0.5442646169625752,0.44275978394605536,0.23512199410373305,0.2,0.6069364056375368,0.6989512118176953,0.7941085300450409
5,0.19649632136896025,0.16583828702548056,0.2,1.0,1.0,0.9767998488532014,0.6331888019715999,0.45761896845649314,1.0,0.5855258343197906,0.4863157277780878,0.24449708871825748,0.2,0.6184987260613984,0.7175615882155538,0.8099273499832207
6,0.18445357122330147,0.18935318202053714,0.2,1.0,1.0,1.0,0.6231931379124519,0.4807457085184789,1.0,0.6229175782872962,0.5280852368900234,0.2546138225688754,0.2,0.6231931379124519,0.7280522372328034,0.8119691281616941
7,0.20784096649899725,0.24948195629497427,0.2,1.0,1.0,1.0,0.6134973437750784,0.5046975237954567,1.0,0.6390302660604847,0.570534012727289,0.2654783645977324,0.2,0.6134973437750784,0.7218680503655086,0.8018787629925369
8,0.22595163784745947,0.20441770474293208,0.2,1.0,1.0,1.0,0.604092423461826,0.5291371839714178,1.0,0.6409412323740947,0.6123320106587512,0.2770702211649301,0.2,0.604092423461826,0.715969140794997,0.7962913999635189
9,0.18558833509806827,0.17682407416493282,0.2,1.0,1.0,1.0,0.5949696507579713,0.5505440544780165,1.0,0.6347911886460055,0.6472940593808191,0.2892454001408971,0.2,0.5949696507579713,0.7096146020948533,0.7927350551868236
10,0.1528739463514286,0.15274448570908192,0.2,1.0,1.0,1.0,0.5861205612352322,0.5694528898971518,1.0,0.6301915325204139,0.6766712792628637,0.3018863717247454,0.2,0.5861205612352322,0.7029393778334724,0.7884410114023274
11,0.18719150896778497,0.18184651278536776,0.2,1.0,1.0,1.0,0.5775369443981752,0.5899480581877901,1.0,0.635569149719147,0.7079736959797366,0.31502698192709266,0.2,0.5775369443981752,0.6967878240059698,0.7815989054893303
12,0.18040119375205693,0.23917894578282875,0.2,1.0,1.0,1.0,0.5692108360662299,0.6095234283582187,1.0,0.6350435958455087,0.7366973465780634,0.328610659039383,0.2,0.5692108360662299,0.6906424051564376,0.7746282799576756
13,0.19206022153168226,0.2060510361026499,0.2,1.0,1.0,1.0,0.561134510984243,0.6293089559411641,1.0,0.6384015699127701,0.7650331524903057,0.34262521549879527,0.2,0.561134510984243,0.6847289516217605,0.7646373467164326
14,0.16888987256920496,0.15238580791407824,0.2,1.0,1.0,1.0,0.5533004756547157,0.6472096243967873,1.0,0.6361901723414853,0.7892555300316788,0.3569840739444409,0.2,0.5533004756547157,0.678635963214184,0.7565415921502533
15,0.1760114343008928,0.16366973929864667,0.2,1.0,1.0,1.0,0.5457014613850742,0.6650900698449213,1.0,0.6387994121156533,0.8128704984798117,0.3716716431745928,0.2,0.5457014613850742,0.6727306794585505,0.7471632399360876
16,0.1908179076669761,0.2498683568192552,0.2,1.0,1.0,1.0,0.538330417543522,0.6834118925588167,1.0,0.6423556669489691,0.836726447445298,0.38668945569175284,0.2,0.538330417543522,0.6670959108599106,0.7376424456344699
17,0.2039583757876696,0.16818434968231444,0.2,1.0,1.0,1.0,0.5311805050172163,0.7020640977921065,1.0,0.6456411008440706,0.8606293592471392,0.4020351483197781,0.2,0.5311805050172163,0.6617034717240998,0.7283428011538423
18,0.2214857229266391,0.22967599214216397,0.2,1.0,1.0,1.0,0.5242450898666997,0.7213016387229022,1.0,0.6496449344946246,0.8850495107247579,0.4177157870510755,0.2,0.5242450898666997,0.6565936847113496,0.7189508239116793
19,0.2087521353515182,0.2406593649897561,0.2,1.0,1.0,1.0,0.5175177371706987,0.7392942258759208,1.0,0.6489741116480702,0.9067076035100685,0.4336727812507661,0.2,0.5175177371706987,0.6514269933782331,0.7111618657018929
20,0.21103083870664568,0.22897476374617634,0.2,1.0,1.0,1.0,0.5109922050555777,0.7569737205514215,1.0,0.6507638178677071,0.9273884464962785,0.44988382236818397,0.2,0.5109922050555777,0.6463748897773712,0.7027947668401692
21,0.17830295822732828,0.24809765730721267,0.2,1.0,1.0,1.0,0.5046624389039104,0.7722475550312756,1.0,0.6469870572432159,0.943384433662141,0.46625267281774496,0.2,0.5046624389039104,0.6410659559997932,0.6963604344206042
22,0.22695207503185805,0.1661184653304019,0.2,1.0,1.0,1.0,0.4985225657367931,0.7900584906574052,1.0,0.6558981376452103,0.9637181225034079,0.48286450853963564,0.2,0.4985225657367931,0.6363742607824268,0.6861369822400185
23,0.21032032573214976,0.22151508982374535,0.2,1.0,1.0,1.0,0.49256688876468935,0.806426247934899,1.0,0.6542672418123539,0.9810971784585534,0.49965780702341034,0.2,0.49256688876468935,0.6315934925519058,0.6792890465384339
24,0.1869125358193582,0.2030355716123445,0.2,1.0,1.0,1.0,0.48678988210174867,0.820980343885688,1.0,0.6520019457931411,0.9949937938699863,0.5165611048305759,0.2,0.48678988210174867,0.6266656057845371,0.6728691124017766
25,0.1892011137480153,0.24248320720945704,0.2,1.0,1.0,1.0,0.4811861856386962,0.8353079021134266,1.0,0.6536047019416193,1.0,0.5333954937822702,0.2,0.4811861856386962,0.6218647037768336,0.6654420072051374
26,0.1900672850104524,0.23315244897918125,0.2,1.0,1.0,1.0,0.4757506000695353,0.8493292416612181,1.0,0.6547761969873844,1.0,0.5500615388444475,0.2,0.4757506000695353,0.61717471380146,0.658299799302782
27,0.17831393638949727,0.23828509185812533,0.2,1.0,1.0,1.0,0.47047808206744923,0.8622948468030576,1.0,0.6539918683532999,1.0,0.5665609234560031,0.2,0.47047808206744923,0.6124698710626408,0.6519428605366432
28,0.22197604710053004,0.19610121648816378,0.2,1.0,1.0,1.0,0.46536373960542576,0.877556038459013,1.0,0.6618012967241356,1.0,0.582895314221443,0.2,0.46536373960542576,0.608297705525139,0.6430014529873248
29,0.19541640563361953,0.2420330439191929,0.2,1.0,1.0,1.0,0.46040282741726296,0.8908421218355548,1.0,0.6584897657556805,1.0,0.5990663610792286,0.2,0.46040282741726296,0.6039540085036821,0.6376455531343146
30,0.20790183630976147,0.19866085548615853,0.2,1.0,1.0,1.0,0.4555907425947451,0.9045451789682516,1.0,0.6616244014761403,1.0,0.6150756974684364,0.2,0.4555907425947451,0.59982658602357,0.630456241883542
31,0.16774488087928086,0.18246672437688982,0.2,1.0,1.0,1.0,0.45092302031690273,0.9154962423468022,1.0,0.6563202114458293,1.0,0.630924940493752,0.2,0.45092302031690273,0.5954094360576311,0.6261027087458773
32,0.2059657310456195,0.16660696854941262,0.2,1.0,1.0,1.0,0.44639532970739565,0.9284667801508693,1.0,0.6633561914966211,1.0,0.6466156910888146,0.2,0.44639532970739565,0.5914574617641295,0.6180386290203499
33,0.22263523973008756,0.17681375128998164,0.2,1.0,1.0,1.0,0.4420034698161738,0.9421132250309028,1.0,0.6665965343871543,1.0,0.6621495341779264,0.2,0.4420034698161738,0.5877495298643514,0.6111854950623719
34,0.22291022686944373,0.1809563124949461,0.2,1.0,1.0,1.0,0.43774336572168854,0.9554350080172969,1.0,0.6675415079524426,1.0,0.6775280388361472,0.2,0.43774336572168854,0.5841257333699256,0.6051574193752445
35,0.22658893692449264,0.2206205806367605,0.2,1.0,1.0,1.0,0.43361106475003786,0.9686444690323339,1.0,0.6691028226636385,1.0,0.6927527584477857,0.2,0.43361106475003786,0.5806163006035088,0.5990641149074241
36,0.1903399053586654,0.2017747756148552,0.2,1.0,1.0,1.0,0.4296027328075367,0.9793487516280455,1.0,0.6644437448008615,1.0,0.7078252308633078,0.2,0.4296027328075367,0.576858547832407,0.5951268918916783
37,0.20211315191734325,0.20879447117944847,0.2,1.0,1.0,1.0,0.42571465082331056,0.9904918219523848,1.0,0.6673341313037492,1.0,0.7227469785546747,0.2,0.42571465082331056,0.573298058867342,0.5890047462556389
38,0.17494754596408002,0.17078184745379274,0.2,1.0,1.0,1.0,0.42194321129861123,0.99972637916142,1.0,0.6638535356623382,1.0,0.737519508769128,0.2,0.42194321129861123,0.5695829268937671,0.5850441513287166
39,0.1909513326684226,0.2434154359133779,0.2,1.0,1.0,1.0,0.41828491495965286,1.0,1.0,0.6664500231171465,1.0,0.7521443136814367,0.2,0.41828491495965286,0.5646846351955314,0.5800469329810577
40,0.19986120693806977,0.15753753690740455,0.2,1.0,1.0,1.0,0.4147363675108633,1.0,1.0,0.6676566798848532,1.0,0.7666228705446224,0.2,0.4147363675108633,0.5598940961396655,0.5756129777532596
41,0.21563199957696133,0.22259492874772982,0.2,1.0,1.0,1.0,0.4112942764855374,1.0,1.0,0.6699619659423015,1.0,0.7809566418391762,0.2,0.4112942764855374,0.5552472732554755,0.5709715924844637
42,0.22261228967610566,0.16914027333041176,0.2,1.0,1.0,1.0,0.4079554481909713,1.0,1.0,0.6708937451543008,1.0,0.7951470754207844,0.2,0.4079554481909713,0.5507398550578113,0.5668607532528493
43,0.20958261794218833,0.1558758896398656,0.2,1.0,1.0,1.0,0.40471678474524214,1.0,1.0,0.6688927054336132,1.0,0.8091956046665766,0.2,0.40471678474524214,0.5463676594060769,0.5637446988650813
44,0.20223279419476398,0.17730997323371495,0.2,1.0,1.0,1.0,0.4015752812028849,1.0,1.0,0.667890283857534,1.0,0.8231036486199108,0.2,0.4015752812028849,0.5421266296238946,0.56044055002305
45,0.16812932233958103,0.2375491171448238,0.2,1.0,1.0,1.0,0.39852802276679833,1.0,1.0,0.6628248841580604,1.0,0.8368726121337117,0.2,0.39852802276679833,0.5380128307351778,0.5584634408774829
46,0.15850127861164198,0.202236266535893,0.2,1.0,1.0,1.0,0.39557218208379435,1.0,1.0,0.6616339475838433,1.0,0.8505038860123746,0.2,0.39557218208379435,0.5340224458131224,0.555428894666001
47,0.21831544057478974,0.1744831977969017,0.2,1.0,1.0,1.0,0.3927050166212805,1.0,1.0,0.6706656187070263,1.0,0.8639988471522508,0.2,0.3927050166212805,0.5301517724387287,0.5494293209608114
48,0.16683831509565172,0.238058175936628,0.2,1.0,1.0,1.0,0.38992386612264207,1.0,1.0,0.6624924663289965,1.0,0.8773588586807284,0.2,0.38992386612264207,0.5263972192655668,0.5486898964770328
49,0.1838334118711757,0.22169610989049754,0.2,1.0,1.0,1.0,0.3872261501389628,1.0,1.0,0.6654503884642265,1.0,0.8905852700939211,0.2,0.3872261501389628,0.5227553026875997,0.5447068907451917
50,0.1525498456101396,0.18623569113032407,0.2,1.0,1.0,1.0,0.38460936563479386,1.0,1.0,0.6606099574183096,1.0,0.9036794173929819,0.2,0.38460936563479386,0.5192226436069718,0.5431562598404331
51,0.1637504793700586,0.2172765441413542,0.2,1.0,1.0,1.0,0.38207108466575,1.0,1.0,0.6625320740345934,1.0,0.9166426232190521,0.2,0.38207108466575,0.5157959642987625,0.53966694744357
52,0.15663225419236604,0.24545621653457478,0.2,1.0,1.0,1.0,0.3796089521257775,1.0,1.0,0.6613682344271252,1.0,0.9294761969868616,0.2,0.3796089521257775,0.5124720853697997,0.5371908022361921
53,0.1520275771861521,0.22294235074418042,0.2,1.0,1.0,1.0,0.37722068356200417,1.0,1.0,0.6607357248565665,1.0,0.9421814350169929,0.2,0.37722068356200417,0.5092479228087057,0.5346400169304298
54,0.15169158957785206,0.17556900540574427,0.2,1.0,1.0,1.0,0.374904063055144,1.0,1.0,0.6607169521938495,1.0,0.954759620666823,0.2,0.374904063055144,0.5061204851244444,0.5319873266976228
55,0.21506835099218208,0.1657118288686775,0.2,1.0,1.0,0.9987085802907915,0.3726569411634897,1.0,1.0,0.6702244050391348,1.0,0.9672120244601548,0.2,0.3721756846448978,0.5024371742706121,0.5260042766182798
56,0.1646991047400781,0.21914954260135908,0.2,1.0,1.0,1.0,0.370477232928585,1.0,1.0,0.662193645459055,1.0,0.9795399042155533,0.2,0.370477232928585,0.5001442644535897,0.5264645311478348
57,0.18084527050820484,0.15431609957974995,0.2,1.0,1.0,1.0,0.3683629159407274,1.0,1.0,0.665017108303278,1.0,0.9917445051733977,0.2,0.3683629159407274,0.49728993651998205,0.5231913135510013
58,0.22920012369622408,0.16514201087565517,0.2,1.0,1.0,0.995827424861067,0.36631202846250555,1.0,1.0,0.6721291631392697,1.0,1.0,0.2,0.3647835639994508,0.4924578113992586,0.5169503907475888
59,0.15290151953947312,0.18442010055367947,0.2,1.0,1.0,1.0,0.36432266760863036,1.0,1.0,0.6603287697739575,1.0,1.0,0.2,0.36432266760863036,0.491835601271651,0.519961630148716
60,0.6992191586659886,0.07424596231257796,0.2,1.0,1.0,0.9248542847097463,0.3623929875803714,1.0,1.0,0.7428664353112004,1.0,1.0,0.2,0.3351607073124724,0.45246695487183775,0.461736981047702
61,0.6590491922414462,0.03372137731966453,0.2,1.0,1.0,0.8566366353572384,0.3605211979529603,1.0,1.0,0.732714057070657,1.0,1.0,0.2,0.30883566598938483,0.41692814908566955,0.434574709601622
62,0.6524648686101351,0.0448653262492294,0.2,1.0,1.0,0.7902120229770841,0.3587055620143715,1.0,1.0,0.7322340274379874,1.0,1.0,0.2,0.2834534478125084,0.3826621545468864,0.40559262313345723
63,0.7112775949270462,0.07399466637207006,0.2,1.0,1.0,0.7157505308118438,0.35694439515394033,1.0,1.0,0.7410799378671575,1.0,1.0,0.2,0.25548314030174535,0.34490223940735626,0.3708429221361055
64,0.7221616126680029,0.07556621536750643,0.2,1.0,1.0,0.6405683585453844,0.3552360632993221,1.0,1.0,0.7422702450068426,1.0,1.0,0.2,0.22755298196377105,0.30719652565109096,0.3384359733013745
65,0.7189956621060343,0.07053451400507656,0.2,1.0,1.0,0.5667899616193395,0.35357898140034244,1.0,1.0,0.7417358370655631,1.0,1.0,0.2,0.20040501729730523,0.27054677335136207,0.30744400622898876
66,0.6878223609678651,0.022552757034788762,0.2,1.0,1.0,0.4986013514848695,0.35197161195833215,1.0,1.0,0.7370865622919017,1.0,1.0,0.2,0.17549352140673247,0.23691625389908885,0.280252847126655
67,0.7028662798925611,0.03163059267282592,0.2,1.0,1.0,0.42899188486066214,0.35041246359958217,1.0,1.0,0.739575613869289,1.0,1.0,0.2,0.15032410323825293,0.20293753937164147,0.25062422430510856
68,0.6581639284039759,0.04478218614191512,0.2,1.0,1.0,0.36695042809014716,0.3489000896915947,1.0,1.0,0.7327458085671319,1.0,1.0,0.2,0.12802903727302142,0.17283920031857894,0.22708957770065247
69,0.7199810433078374,0.012753646461878786,0.2,1.0,1.0,0.2963909856127209,0.34743308700084685,1.0,1.0,0.742359866067819,1.0,1.0,0.2,0.10297603509065122,0.13901764737237915,0.19545704044617654
70,0.6967964558488486,0.03929525501051674,0.2,1.0,1.0,0.2301968637781014,0.3460100943908214,1.0,1.0,0.7384014750739364,1.0,1.0,0.2,0.07965043856433192,0.1075280920618481,0.16987843573038994
71,0.6911842157411342,0.014382946397694399,0.2,1.0,1.0,0.16567185344735136,0.3446297915590968,1.0,1.0,0.7377575586074733,1.0,1.0,0.2,0.05709545632076993,0.0770788660330394,0.14418976854584145
72,0.7267784949189728,0.025909642325220552,0.2,1.0,1.0,0.09661490914527401,0.34329089781232386,1.0,1.0,0.7431288963074723,1.0,1.0,0.2,0.03316701890253722,0.04477547551842525,0.11512048529841978
73,0.6984862351242802,0.041975554565574696,0.2,0.998857271983623,0.9972183013288659,0.032681810744807374,0.34199217087795414,1.0,1.0,0.7386164904532685,1.0,1.0,0.2,0.011133095916710804,0.015029679487559585,0.0911902804284451
74,0.6514426575299942,0.055795012383907994,0.2,0.9951244129038687,0.9909069702237354,0.0,0.3407324057516155,1.0,1.0,0.7317855741068358,1.0,1.0,0.2,0.0,0.0,0.08046432776794926
75,0.6612455503169068,0.005678099582319643,0.2,0.9914475467103107,0.9852756429460213,0.0,0.339510433579067,1.0,1.0,0.7335975538421943,1.0,1.0,0.2,0.0,0.0,0.07992073384734169
76,0.6526844996998917,0.016116501518123418,0.2,0.987825833509656,0.9794527625633472,0.0,0.338325120571695,1.0,1.0,0.7322227972628741,1.0,1.0,0.2,0.0,0.0,0.08033316082113776
77,0.6576697554906547,0.06350756975386669,0.2,0.9842584460070112,0.973762720754973,0.0,0.33717536695454414,1.0,1.0,0.7330393234604545,1.0,1.0,0.2,0.0,0.0,0.08008820296186361
78,0.6906607347228515,0.09834660940475277,0.2,0.980744569316906,0.9679871560732756,0.0,0.3360601059459078,1.0,1.0,0.7379471440354051,1.0,1.0,0.2,0.0,0.0,0.07861585678937846
79,0.7247304254957445,0.09945252332595032,0.2,0.9772834007771524,0.9617208985500383,0.0,0.33497830276753054,1.0,1.0,0.7428122066225915,1.0,1.0,0.2,0.0,0.0,0.07715633801322253
80,0.6685979072534248,0.04446974551196967,0.2,0.9738741497654951,0.954978180704289,0.0,0.3339289536845046,1.0,1.0,0.7341490757568842,1.0,1.0,0.2,0.0,0.0,0.07975527727293474
81,0.6700624609472926,0.0591237345547998,0.2,0.9705160375190127,0.9491214872239537,0.0,0.33291108507396944,1.0,1.0,0.7348019153542497,1.0,1.0,0.2,0.0,0.0,0.07955942539372507
82,0.6999331240603825,0.08002074556343963,0.2,0.9672082969562276,0.9432083735819093,0.0,0.3319237525217503,1.0,1.0,0.7392498728413449,1.0,1.0,0.2,0.0,0.0,0.07822503814759652
83,0.706759864306348,0.0256609288488035,0.2,0.9639501725018842,0.9368625438897341,0.0,0.3309660399460978,1.0,1.0,0.7400514860038849,1.0,1.0,0.2,0.0,0.0,0.07798455419883449
84,0.6838413538210018,0.05261899437805846,0.2,0.960740919914356,0.9304574218308168,0.0,0.33003705874771483,1.0,1.0,0.7365736287729561,1.0,1.0,0.2,0.0,0.0,0.07902791136811316
85,0.15038598248429028,0.15354994117077647,0.2,0.9589280867613212,0.9266066833367524,0.01818841626559046,0.32913594698528337,1.0,1.0,0.6567292159339958,1.0,1.0,0.2,0.0053192655204859505,0.007181008452656033,0.10908509240455888
86,0.18269811341776593,0.1611174967229976,0.2,0.9581175882396679,0.9322838866479229,0.031152297238028696,0.32826186857572487,1.0,1.0,0.6655682562159652,1.0,1.0,0.2,0.00913434700435399,0.012331368455877888,0.11081118632270665
87,0.20790157382954438,0.17408655144416635,0.2,0.9580003554383385,0.9379906587129526,0.040039458207240974,0.3274140125184531,1.0,1.0,0.6689068232636335,1.0,1.0,0.2,0.011780117924562522,0.015903159198159406,0.11284563833934544
88,0.15798184694039927,0.16817600783004255,0.2,0.9591284244665282,0.9451493535193534,0.056182580350220404,0.3265915921428995,1.0,1.0,0.6612519358778782,1.0,1.0,0.2,0.016633509285078493,0.022455237534855968,0.12071137114126407
89,0.16852203435017127,0.17173536347183593,0.2,0.961368376496422,0.954609242917209,0.0704067978178749,0.32579384437861253,1.0,1.0,0.6632157083586319,1.0,1.0,0.2,0.02105100983968029,0.028418863283568394,0.12519132128344357
90,0.1916589091238318,0.19644031111438404,0.2,0.9644392996065517,0.9649226473174924,0.08085426296770251,0.32502002904725413,1.0,1.0,0.6665880509506431,1.0,1.0,0.2,0.024455719587655946,0.033015221443335525,0.12808652294164224
91,0.17477808567019304,0.2141758757680675,0.2,0.968531575620202,0.9762120048731836,0.0935870675537584,0.3242694281758365,1.0,1.0,0.6638873103029969,1.0,1.0,0.2,0.028693252034047375,0.03873589024596396,0.13375931361817028
92,0.16699597935955918,0.24065626767316825,0.2,0.9737374949085208,0.9891784605253733,0.10720882607618551,0.3235413453305614,1.0,1.0,0.6628550313887841,1.0,1.0,0.2,0.03341003048519278,0.04510354115501026,0.13948150056512348
93,0.227049332386339,0.22289310455775244,0.2,0.9793041129987785,1.0,0.11153350642356921,0.32283510497064455,1.0,1.0,0.6719146482885117,1.0,1.0,0.2,0.03526173587350356,0.047603343429229804,0.13888844742829182
94,0.1846987095031732,0.20115013422170477,0.2,0.9856296475934226,1.0,0.12206370362032273,0.3221500518215252,1.0,1.0,0.6651090740110505,1.0,1.0,0.2,0.03875774554441015,0.052322956484953706,0.14494179080889552
95,0.19648610448321274,0.15512347436058302,0.2,0.9925422507535663,1.0,0.13058809842556152,0.3214855502668794,1.0,1.0,0.6672174619719294,1.0,1.0,0.2,0.041669094059565814,0.05625327698041385,0.14765004684177294
96,0.18344131107859651,0.2025064532319762,0.2,1.0,1.0,0.14086399833845337,0.32084098375887304,1.0,1.0,0.6651553235631931,1.0,1.0,0.2,0.045194943803117636,0.061013174134208814,0.15231460094511956
97,0.1644980048660137,0.15937867884583184,0.2,1.0,1.0,0.15375222814300732,0.3202157542461068,1.0,1.0,0.6624169345517424,1.0,1.0,0.2,0.04923388570183258,0.06646574569747399,0.1577708034773301
98,0.21421241669643087,0.1866183966543398,0.2,1.0,1.0,0.1589171960106444,0.3196092816187236,1.0,1.0,0.6700110157768776,1.0,1.0,0.2,0.05079141085382395,0.06856840465266234,0.15727983922169966
99,0.19153677520791884,0.24214503475918694,0.2,1.0,1.0,0.1673354421697163,0.31902100317016185,1.0,1.0,0.666229965492344,1.0,1.0,0.2,0.0533835206269055,0.07206775284632243,0.16138860027167085
100,0.1988408269682424,0.17895807675301634,0.2,1.0,1.0,0.17446333126094102,0.31845037307505697,1.0,1.0,0.6675146257706192,1.0,1.0,0.2,0.055557912927963915,0.0750031824527513,0.16349831735365283
101,0.2286816858842655,0.18722267099341341,0.2,1.0,1.0,0.1769417518353237,0.31789686188280525,1.0,1.0,0.6719265215941088,1.0,1.0,0.2,0.056249227644495504,0.07593645732006894,0.16296803224382597
102,0.15152440838476836,0.21853106723148696,0.2,1.0,1.0,0.1908921590232371,0.31735995602632106,1.0,1.0,0.6601323351780098,1.0,1.0,0.2,0.06058152719338401,0.08178506171106842,0.17147760190100514
103,0.15809295004905255,0.1805922360706265,0.2,1.0,1.0,0.20358553301199442,0.3168391573455314,1.0,1.0,0.6617073257484575,1.0,1.0,0.2,0.06450386872726117,0.0870802227818026,0.17550599163999492
104,0.21724893496950726,0.21725717546447662,0.2,1.0,1.0,0.20715448768640826,0.3163339826251655,1.0,1.0,0.6705019739580033,1.0,1.0,0.2,0.06553000410851732,0.08846550554649839,0.1740450875271226
105,0.15125776577714706,0.19514234592019825,0.2,1.0,1.0,0.22050978108210934,0.3158439631464105,1.0,1.0,0.6601635661686719,1.0,1.0,0.2,0.06964668316952079,0.09402302227885306,0.18187049908642353
106,0.18285395004588056,0.19858629440020012,0.2,1.0,1.0,0.22886827916923777,0.31536864425201816,1.0,1.0,0.6654199141984485,1.0,1.0,0.2,0.07217787891389492,0.09744013653375815,0.18319814179415989
107,0.1666597514686238,0.20887450621542084,0.2,1.0,1.0,0.23947520245234055,0.3149075849244576,1.0,1.0,0.6627279670103712,1.0,1.0,0.2,0.07541255765356211,0.10180695283230885,0.18771751980435114
108,0.15590314507802022,0.1784359350980386,0.2,1.0,1.0,0.25148284553905925,0.31446035737672384,1.0,1.0,0.6612490734111844,1.0,1.0,0.2,0.07908138548232801,0.10675987040114283,0.19237116781761607
109,0.17983216840375743,0.24352704340485112,0.2,1.0,1.0,0.2596689631940604,0.3140265466554221,1.0,1.0,0.6649123715900044,1.0,1.0,0.2,0.0815429477854247,0.11008297951032335,0.1940968211067735
110,0.15612385762880163,0.22549841142478988,0.2,1.0,1.0,0.2712380401325204,0.31360575025575943,1.0,1.0,0.6611729600648201,1.0,1.0,0.2,0.08506180907366084,0.11483344224944214,0.19925653789257974
111,0.1653887302373459,0.2071552741329331,0.2,1.0,1.0,0.2811948693247011,0.31319757774808665,1.0,1.0,0.6627496615323609,1.0,1.0,0.2,0.08806955194768615,0.1188938951293763,0.20223491240026154
112,0.1813424776291398,0.19632243822490075,0.2,1.0,1.0,0.2885617726903369,0.31280165041564406,1.0,1.0,0.665063888567753,1.0,1.0,0.2,0.0902625987444013,0.12185450830494177,0.20405716548887454
113,0.21028644045885747,0.1895042560157863,0.2,1.0,1.0,0.2914304921395342,0.3124176009031747,1.0,1.0,0.669289771640441,1.0,1.0,0.2,0.0910480151842648,0.12291482049875747,0.20369066593181154
114,0.15973835841069356,0.162177009972154,0.2,1.0,1.0,0.30179368974096665,0.31204507287607947,1.0,1.0,0.6614962651795819,1.0,1.0,0.2,0.09417323390876085,0.12713386577682717,0.2096149063564285
115,0.15644085742029037,0.23500708739048481,0.2,1.0,1.0,0.31245270226458427,0.31168372068979705,1.0,1.0,0.6613913153540645,1.0,1.0,0.2,0.097386420781407,0.13147166805489946,0.21333352324044516
116,0.2012793275064852,0.24596685633958124,0.2,1.0,1.0,0.3161839976929351,0.3113332090691031,1.0,1.0,0.6681223333582695,1.0,1.0,0.2,0.09843857865803937,0.13289208118835316,0.21252156900261931
117,0.20541220373237196,0.1524668772654101,0.2,1.0,1.0,0.31919859270332884,0.31099321279703,1.0,1.0,0.6684057138919424,1.0,1.0,0.2,0.09926859586509885,0.13401260441788346,0.21338899958761823
118,0.20273277310751348,0.22772119346497988,0.2,1.0,1.0,0.32253030781622616,0.3106634164131191,1.0,1.0,0.66798963027153,1.0,1.0,0.2,0.10019836732296375,0.13526779588600107,0.21458073742164185
119,0.20788146239865038,0.19979495204296177,0.2,1.0,1.0,0.32500135550967224,0.3103435139207255,1.0,1.0,0.6687827378462211,1.0,1.0,0.2,0.10086206269787062,0.13616378464212536,0.21510439559194022
120,0.17860676941847775,0.19570357139517852,0.2,1.0,1.0,0.33178930478462787,0.31003320850310373,1.0,1.0,0.6643518785204606,1.0,1.0,0.2,0.10286570270939237,0.1388686986576797,0.21873283030288954
121,0.21389776669437438,0.17689424938276527,0.2,1.0,1.0,0.33314566567846354,0.3097322122480106,1.0,1.0,0.6698670710781331,1.0,1.0,0.2,0.10318594403142665,0.13930102444242598,0.2174457494526221
122,0.192104299584504,0.1977559542056522,0.2,1.0,1.0,0.33771566526127944,0.3094402458805703,1.0,1.0,0.666322291383769,1.0,1.0,0.2,0.10450281849617069,0.14107880496983044,0.22002029680922516
123,0.22637574775690644,0.2304349976919338,0.2,1.0,1.0,0.33704241273932267,0.30915703850415316,1.0,1.0,0.6716402475943475,1.0,1.0,0.2,0.10419903417278346,0.1406686961332577,0.21807631743496478
124,0.2245643088174591,0.23360055735723942,0.2,1.0,1.0,0.3366180095074974,0.30888232734902854,1.0,1.0,0.6711026339429015,1.0,1.0,0.2,0.1039753542042732,0.14036672817576884,0.21798092876653305
125,0.17374109351317393,0.17316273611515726,0.2,1.0,1.0,0.34379147824133577,0.3086158575285577,1.0,1.0,0.6635060323298311,1.0,1.0,0.2,0.10609950186846032,0.14323432752242143,0.22269736869510884
126,0.18910315787586907,0.17594053413611732,0.2,1.0,1.0,0.34852201820265943,0.30835738180270095,1.0,1.0,0.6661901720648888,1.0,1.0,0.2,0.10746933703356534,0.14508360499531323,0.22346401262654958
127,0.18421230655647428,0.2179140215361149,0.2,1.0,1.0,0.3538851411879828,0.3081066603486199,1.0,1.0,0.6653223373802267,1.0,1.0,0.2,0.1090343689984292,0.14719639814787944,0.22552023721162945
128,0.2234864181782668,0.20859005803451008,0.2,1.0,1.0,0.3532475166080024,0.30786346053816127,1.0,1.0,0.6712568458577287,1.0,1.0,0.2,0.10875200288945122,0.14681520390075917,0.22341586955832665
129,0.215428260311932,0.15959473108586658,0.2,1.0,1.0,0.3537998716187345,0.3076275567220164,1.0,1.0,0.6697513967539034,1.0,1.0,0.2,0.10883859007463437,0.1469320966007564,0.22396686308447192
130,0.17848457823761366,0.24977480213736308,0.2,1.0,1.0,0.35985803441125414,0.3073987300203559,1.0,1.0,0.6642851168979469,1.0,1.0,0.2,0.11061990276564106,0.14933686873361543,0.22765080335418902
131,0.1617200838364985,0.19167680434748888,0.2,1.0,1.0,0.36831336349398,0.3071767681197452,1.0,1.0,0.6620437567305775,1.0,1.0,0.2,0.11313730865339372,0.15273536668208154,0.23121193466059606
132,0.15534715163622528,0.15861493565988993,0.2,1.0,1.0,0.3775719661052748,0.30696146507615285,1.0,1.0,0.661199884908905,1.0,1.0,0.2,0.11590004388735868,0.15646505924793422,0.23463533488807256
133,0.22164002816757844,0.24886370287076426,0.2,1.0,1.0,0.37672269692342314,0.30675262112386825,1.0,1.0,0.6711860099796916,1.0,1.0,0.2,0.11556067471811267,0.15600691086945212,0.2312500712451268
134,0.20184656622265087,0.16285150049173436,0.2,1.0,1.0,0.3788308766349924,0.30655004249015216,1.0,1.0,0.667717684434413,1.0,1.0,0.2,0.11613062132903851,0.156776338794202,0.23294458264474777
135,0.17371060156261567,0.17316996433466908,0.2,1.0,1.0,0.38510424819692884,0.3063535412154476,1.0,1.0,0.6636707060126718,1.0,1.0,0.2,0.1179780501722418,0.15927036773252645,0.23627860076884594
136,0.20365858607599532,0.2181099007497837,0.2,1.0,1.0,0.3867684487600537,0.30616293497898417,1.0,1.0,0.6683652526107657,1.0,1.0,0.2,0.11841416342964688,0.1598591206300233,0.2353706767522901
137,0.18510766695292624,0.20239947683139767,0.2,1.0,1.0,0.3911681376172677,0.3059780469296146,1.0,1.0,0.6653478874124007,1.0,1.0,0.2,0.11968886276922629,0.1615799647384555,0.23773860380396697
138,0.15896562108756193,0.20408932491145007,0.2,1.0,1.0,0.39940161705248156,0.30579870552172617,1.0,1.0,0.6615774487925142,1.0,1.0,0.2,0.12213649747793305,0.16488427159520963,0.24167839621817389
139,0.2259950977378242,0.2255777302561029,0.2,1.0,1.0,0.39743629745874964,0.30562474435607434,1.0,1.0,0.671820392221048,1.0,1.0,0.2,0.12146636680865508,0.16397959519168437,0.2378365382466173
140,0.15769235690167166,0.20165013614937735,0.2,1.0,1.0,0.4057256197046647,0.3054560020253921,1.0,1.0,0.6610628339241984,1.0,1.0,0.2,0.12393132571426152,0.16730728971425307,0.24389234607985555
141,0.2072291854108369,0.1757260517549261,0.2,1.0,1.0,0.40644043623322484,0.3052923219646303,1.0,1.0,0.6690312361154156,1.0,1.0,0.2,0.12408314451795847,0.16751224509924395,0.24167603749973265
142,0.22159173199982116,0.1960940964127972,0.2,1.0,1.0,0.4049710961664363,0.3051335523056914,1.0,1.0,0.6707871979942024,1.0,1.0,0.2,0.12357026915439447,0.16681986335843255,0.24056072445640692
143,0.20625849678185407,0.19041633894627408,0.2,1.0,1.0,0.40580530069504406,0.30497954573652064,1.0,1.0,0.668399414617568,1.0,1.0,0.2,0.1237623162634467,0.16707912695565305,0.2414974335270347
144,0.22961064300450873,0.22828157377566227,0.2,1.0,1.0,0.40310624385767313,0.30483015936442504,1.0,1.0,0.672021625719798,1.0,1.0,0.2,0.12287894055592928,0.16588656975050453,0.2393970965719894
145,0.19587523205812243,0.1644765022893691,0.2,1.0,1.0,0.4054905959411087,0.30468525458349227,1.0,1.0,0.6667802035227285,1.0,1.0,0.2,0.1235470054555287,0.16678845736496375,0.2417361277034006
146,0.18529466075829773,0.15293849096427248,0.2,1.0,1.0,0.4094094015217659,0.3045446969459875,1.0,1.0,0.6654551889376084,1.0,1.0,0.2,0.12468346211328432,0.16832267385293384,0.2434377160937112
147,0.19761313401654443,0.23818175177034234,0.2,1.0,1.0,0.4114052931209707,0.30440835603760785,1.0,1.0,0.6673692106556013,1.0,1.0,0.2,0.12523520894412488,0.1690675320745686,0.24349663906670288
148,0.16443395936063318,0.2010171503227743,0.2,1.0,1.0,0.41833225246283867,0.3042761053564796,1.0,1.0,0.662296633371315,1.0,1.0,0.2,0.1272885085243961,0.17183948650793476,0.24737457352035003
149,0.1885966660225094,0.19049146790334695,0.2,1.0,1.0,0.42151550743601385,0.3041478221957852,1.0,1.0,0.6661746682348106,1.0,1.0,0.2,0.1282030236084149,0.17307408187136014,0.2472605691202129
150,0.20683680637553184,0.2436669918985259,0.2,1.0,1.0,0.4219000603717332,0.3040233875299116,1.0,1.0,0.6687167875445893,1.0,1.0,0.2,0.12826748555328854,0.17316110549693955,0.2465719034090218
151,0.20643140295024423,0.197249917954286,0.2,1.0,1.0,0.4223251713321023,0.30390268590401426,1.0,1.0,0.6685288710653072,1.0,1.0,0.2,0.1283457538926989,0.17326676775514352,0.2467180912722798
152,0.22695819291328068,0.1830727500567284,0.2,1.0,1.0,0.4196508374643559,0.3037856053268938,1.0,1.0,0.6716172853837268,1.0,1.0,0.2,0.1274838836850473,0.17210324297481386,0.2448025709134737
153,0.20964902038095506,0.2158485025774043,0.2,1.0,1.0,0.41959936630529776,0.30367203716708696,1.0,1.0,0.668866488787957,1.0,1.0,0.2,0.1274205943599485,0.1720178023859305,0.24555518539165383
154,0.21092870999555588,0.23520732278063092,0.2,1.0,1.0,0.4193434944376338,0.30356187605207435,1.0,1.0,0.6691959820599355,1.0,1.0,0.2,0.1272966978817207,0.17185054214032297,0.24531416620129384
155,0.1679999104338017,0.21212490289500036,0.2,1.0,1.0,0.42551795782846047,0.3034550197705121,1.0,1.0,0.6627401874620735,1.0,1.0,0.2,0.1291255603055434,0.1743195064124836,0.249349524211989
156,0.18221791077631133,0.21669718800675544,0.2,1.0,1.0,0.42945466614587446,0.3033513691773967,1.0,1.0,0.665195677243343,1.0,1.0,0.2,0.1302756609749728,0.17587214231621331,0.24993261779577838
157,0.22817872517164756,0.21348308467490218,0.2,1.0,1.0,0.42642613675018815,0.30325082810207477,1.0,1.0,0.67196702491358,1.0,1.0,0.2,0.12931407909386314,0.17457400677671525,0.246797798286134
158,0.15092846352632877,0.19645488077668347,0.2,1.0,1.0,0.4350188715610675,0.3031533032590125,1.0,1.0,0.6600409182832704,1.0,1.0,0.2,0.13187740789374572,0.17803450065655674,0.2533170500730921
159,0.20692611867589544,0.23832209368520052,0.2,1.0,1.0,0.43507171518561627,0.30305870416124214,1.0,1.0,0.6690368718872208,1.0,1.0,0.2,0.1318522702213619,0.17800056479883858,0.2505894185128465
